Country,Language,Document_Type,Category,Query,Image_URL,Local_Path,Status
India,en,transcript,school_record,CBSE mark sheet class 12 India,https://imgv2-2-f.scribdassets.com/img/document/605366207/original/a7ca2991c4/1?v=1,/Users/yiweili/Documents/EZcommonapp/bing_images_india_student_dataset/india/transcript/cbse_mark_sheet_class_12_india/0.jpg,OK
India,en,transcript,school_record,CBSE mark sheet class 12 India,https://imgv2-1-f.scribdassets.com/img/document/584164432/original/8f9ca63b16/1704857508?v=1,/Users/yiweili/Documents/EZcommonapp/bing_images_india_student_dataset/india/transcript/cbse_mark_sheet_class_12_india/1.jpg,OK
India,en,transcript,school_record,CBSE mark sheet class 12 India,https://media.getmyuni.com/assets/images/main/board/content/board-4bf658600f3cc57d35608a34f493402c.webp,/Users/yiweili/Documents/EZcommonapp/bing_images_india_student_dataset/india/transcript/cbse_mark_sheet_class_12_india/2.webp,OK
India,en,transcript,school_record,CBSE mark sheet class 12 India,https://imgv2-2-f.scribdassets.com/img/document/776815510/original/dbd7326220/1728398020?v=1,/Users/yiweili/Documents/EZcommonapp/bing_images_india_student_dataset/india/transcript/cbse_mark_sheet_class_12_india/3.jpg,OK
India,en,transcript,school_record,CBSE mark sheet class 12 India,https://imgv2-1-f.scribdassets.com/img/document/630731145/original/5f782724ec/1708834544?v=1,/Users/yiweili/Documents/EZcommonapp/bing_images_india_student_dataset/india/transcript/cbse_mark_sheet_class_12_india/4.jpg,OK
India,en,transcript,school_record,CBSE mark sheet class 12 India,http://animaldamer.weebly.com/uploads/1/3/3/0/133040647/889066275_orig.jpg,/Users/yiweili/Documents/EZcommonapp/bing_images_india_student_dataset/india/transcript/cbse_mark_sheet_class_12_india/5.jpg,OK
India,en,transcript,school_record,CBSE mark sheet class 12 India,https://imgv2-1-f.scribdassets.com/img/document/872039325/original/f144b44f5d/1?v=1,/Users/yiweili/Documents/EZcommonapp/bing_images_india_student_dataset/india/transcript/cbse_mark_sheet_class_12_india/6.jpg,OK
India,en,transcript,school_record,CBSE mark sheet class 12 India,https://www.iittm.org/wp-content/uploads/2020/07/Digi-Locker-CBSE-Marksheet-2020.jpg,/Users/yiweili/Documents/EZcommonapp/bing_images_india_student_dataset/india/transcript/cbse_mark_sheet_class_12_india/7.jpg,OK
India,en,transcript,school_record,CBSE mark sheet class 12 India,https://imgv2-2-f.scribdassets.com/img/document/767862661/original/88378542c9/1?v=1,/Users/yiweili/Documents/EZcommonapp/bing_images_india_student_dataset/india/transcript/cbse_mark_sheet_class_12_india/8.jpg,OK
India,en,transcript,school_record,CBSE mark sheet class 12 India,http://www.e-paolive.net/galleries/images/misc/2012/05/MOHAMMAD-ISMAT-CBSE-2012-Topper.gif,/Users/yiweili/Documents/EZcommonapp/bing_images_india_student_dataset/india/transcript/cbse_mark_sheet_class_12_india/9.jpg,OK
India,en,transcript,school_record,CBSE mark sheet class 12 India,https://www.financialexpress.com/wp-content/uploads/2025/05/cbse-class-10-marksheet-AISSE-10th.png,,HTTP_403
India,en,transcript,school_record,CBSE mark sheet class 12 India,https://cache.careers360.mobi/media/articles/uploads/froala_editor/images/2025/5/8/1746684133852.png,/Users/yiweili/Documents/EZcommonapp/bing_images_india_student_dataset/india/transcript/cbse_mark_sheet_class_12_india/10.png,OK
India,en,transcript,school_record,CBSE mark sheet class 12 India,https://pradhanmantriyojana.co.in/wp-content/uploads/2016/05/CBSE-10-and-12-marksheets-online-using-Digilocker.jpg,/Users/yiweili/Documents/EZcommonapp/bing_images_india_student_dataset/india/transcript/cbse_mark_sheet_class_12_india/11.jpg,OK
India,en,transcript,school_record,CBSE mark sheet class 12 India,https://img.jagranjosh.com/images/2024/June/2462024/cbse-compartment-marksheet.jpg,/Users/yiweili/Documents/EZcommonapp/bing_images_india_student_dataset/india/transcript/cbse_mark_sheet_class_12_india/12.jpg,OK
India,en,transcript,school_record,CBSE mark sheet class 12 India,https://static.kopykitab.com/blog/wp-content/uploads/2020/01/CBSE-Class-12-Score-Card.jpg,/Users/yiweili/Documents/EZcommonapp/bing_images_india_student_dataset/india/transcript/cbse_mark_sheet_class_12_india/13.jpg,OK
India,en,transcript,school_record,CBSE mark sheet class 12 India,http://abhinav-biswas.appspot.com/images/latest-projects/Class-12-Mark-Sheet-001.jpg,/Users/yiweili/Documents/EZcommonapp/bing_images_india_student_dataset/india/transcript/cbse_mark_sheet_class_12_india/14.jpg,OK
India,en,transcript,school_record,CBSE mark sheet class 12 India,https://blog.schoolyam.com/wp-content/uploads/2025/05/CBSE-Board-Results-2025-Declared.png,/Users/yiweili/Documents/EZcommonapp/bing_images_india_student_dataset/india/transcript/cbse_mark_sheet_class_12_india/15.png,OK
India,en,transcript,school_record,CBSE mark sheet class 12 India,https://cache.careers360.mobi/media/articles/uploads/froala_editor/images/2025/5/13/cbse-board-class-12th-result-link-now-active-featured-image.jpeg,/Users/yiweili/Documents/EZcommonapp/bing_images_india_student_dataset/india/transcript/cbse_mark_sheet_class_12_india/16.jpeg,OK
India,en,transcript,school_record,CBSE mark sheet class 12 India,https://blogger.googleusercontent.com/img/b/R29vZ2xl/AVvXsEgerkBvgy5Q4fxYhWjYg6lJf0lUX5t_7WDf4Mmw64WUcJkCTGTRv2BHPje9paUnS5l5Ae_RuIdRNU4w6U3wbIIOy5RPF-q6Y8JwIfDxBzgw3qT5jOb2lYqldzFPWiaFhLmNY_hMONbO2ii9/s1600/1631017310971666-0.png,/Users/yiweili/Documents/EZcommonapp/bing_images_india_student_dataset/india/transcript/cbse_mark_sheet_class_12_india/17.png,OK
India,en,transcript,school_record,CBSE mark sheet class 12 India,https://cache.careers360.mobi/media/articles/uploads/froala_editor/images/2025/5/8/1746684135219.png,/Users/yiweili/Documents/EZcommonapp/bing_images_india_student_dataset/india/transcript/cbse_mark_sheet_class_12_india/18.png,OK
India,en,transcript,school_record,CBSE mark sheet class 12 India,https://english.cdn.zeenews.com/sites/default/files/2017/05/28/598382-raksha1.jpg,/Users/yiweili/Documents/EZcommonapp/bing_images_india_student_dataset/india/transcript/cbse_mark_sheet_class_12_india/19.jpg,OK
India,en,transcript,school_record,CBSE mark sheet class 12 India,https://i.pinimg.com/originals/d4/18/8b/d4188ba29f60e9bdb8ec72889fb810a3.jpg,/Users/yiweili/Documents/EZcommonapp/bing_images_india_student_dataset/india/transcript/cbse_mark_sheet_class_12_india/20.jpg,OK
India,en,transcript,school_record,CBSE mark sheet class 12 India,https://imgv2-1-f.scribdassets.com/img/document/583932983/original/7bf8f6b23c/1676618064?v=1,/Users/yiweili/Documents/EZcommonapp/bing_images_india_student_dataset/india/transcript/cbse_mark_sheet_class_12_india/21.jpg,OK
India,en,transcript,school_record,CBSE mark sheet class 12 India,https://images.shiksha.com/mediadata/images/articles/1700643370phpHOnu3i.jpeg,,HTTP_403
India,en,transcript,school_record,CBSE mark sheet class 12 India,https://cache.careers360.mobi/media/articles/uploads/froala_editor/images/2025/5/13/1747127656504.png,/Users/yiweili/Documents/EZcommonapp/bing_images_india_student_dataset/india/transcript/cbse_mark_sheet_class_12_india/22.png,OK
India,en,transcript,school_record,CBSE mark sheet class 12 India,https://images.moneycontrol.com/static-mcnews/2024/11/20241120171352_CBSE-Class-12-Date-Sheet-2025.png,/Users/yiweili/Documents/EZcommonapp/bing_images_india_student_dataset/india/transcript/cbse_mark_sheet_class_12_india/23.png,OK
India,en,transcript,school_record,CBSE mark sheet class 12 India,https://blogmedia.testbook.com/blog/wp-content/uploads/2025/05/cbse-2nd-12th-topper-2025-2-653329be.jpg,/Users/yiweili/Documents/EZcommonapp/bing_images_india_student_dataset/india/transcript/cbse_mark_sheet_class_12_india/24.jpg,OK
India,en,transcript,school_record,CBSE mark sheet class 12 India,http://www.rajeevelt.com/wp-content/uploads/2019/04/cbse-certificate-and-marksheet-for-class-X-XII-rajeev-ranjan.-0.jpg,/Users/yiweili/Documents/EZcommonapp/bing_images_india_student_dataset/india/transcript/cbse_mark_sheet_class_12_india/25.jpg,OK
India,en,transcript,school_record,CBSE mark sheet class 12 India,https://www.hindustantimes.com/ht-img/img/2024/04/03/1600x900/CBSE_12th_marksheet_Viral_Twitter_X_Ankur_Warikoo_1712115539915_1712115540216.png,/Users/yiweili/Documents/EZcommonapp/bing_images_india_student_dataset/india/transcript/cbse_mark_sheet_class_12_india/26.png,OK
India,en,transcript,school_record,CBSE mark sheet class 12 India,https://imgv2-2-f.scribdassets.com/img/document/801475253/original/49cf5bae7f/1?v=1,/Users/yiweili/Documents/EZcommonapp/bing_images_india_student_dataset/india/transcript/cbse_mark_sheet_class_12_india/27.jpg,OK
India,en,transcript,school_record,CBSE mark sheet class 12 India,https://doonwinner.in/wp-content/uploads/2023/03/Classs-12-Marks-Board-exam-with-grace-marks.png,/Users/yiweili/Documents/EZcommonapp/bing_images_india_student_dataset/india/transcript/cbse_mark_sheet_class_12_india/28.png,OK
India,en,transcript,school_record,CBSE mark sheet class 12 India,https://i.ytimg.com/vi/RqXPUJ5xDUg/maxresdefault.jpg,/Users/yiweili/Documents/EZcommonapp/bing_images_india_student_dataset/india/transcript/cbse_mark_sheet_class_12_india/29.jpg,OK
India,en,transcript,school_record,CBSE mark sheet class 12 India,https://image.slidesharecdn.com/eca44c41-7836-4c28-b41f-b0f1c7e263dc-150525020403-lva1-app6891/95/12th-mark-sheet-cbse-1-638.jpg?cb=1432519463,/Users/yiweili/Documents/EZcommonapp/bing_images_india_student_dataset/india/transcript/cbse_mark_sheet_class_12_india/30.jpg,OK
India,en,transcript,school_record,CBSE mark sheet class 12 India,https://onlinehelps.in/wp-content/uploads/2024/06/Cbse-marksheet-1-1.webp,,ERR_HTTPSConnectionPool(host='onlinehelps.in
India,en,transcript,school_record,CBSE mark sheet class 12 India,https://www.rmndigital.com/wp-content/uploads/2016/05/cbse-300x200.jpg,/Users/yiweili/Documents/EZcommonapp/bing_images_india_student_dataset/india/transcript/cbse_mark_sheet_class_12_india/31.jpg,OK
India,en,transcript,school_record,CBSE mark sheet class 12 India,https://imgv2-1-f.scribdassets.com/img/document/716345774/original/2ed3c10983/1?v=1,/Users/yiweili/Documents/EZcommonapp/bing_images_india_student_dataset/india/transcript/cbse_mark_sheet_class_12_india/32.jpg,OK
India,en,transcript,school_record,CBSE mark sheet class 12 India,https://images.moneycontrol.com/static-mcnews/2024/10/20241025063936_CBSE-10th-12th-Marks-Distribution-2025.png,/Users/yiweili/Documents/EZcommonapp/bing_images_india_student_dataset/india/transcript/cbse_mark_sheet_class_12_india/33.png,OK
India,en,transcript,school_record,CBSE mark sheet class 12 India,https://www.pw.live/exams/wp-content/uploads/2023/12/board-dd84026429415ee42edc8631e53e9132.webp,/Users/yiweili/Documents/EZcommonapp/bing_images_india_student_dataset/india/transcript/cbse_mark_sheet_class_12_india/34.webp,OK
India,en,transcript,school_record,CBSE mark sheet class 12 India,https://cdn.slidesharecdn.com/ss_thumbnails/a1e321cd-2834-45f0-aa23-f7907596c3a1-150714072327-lva1-app6892-thumbnail.jpg?width=560&fit=bounds,/Users/yiweili/Documents/EZcommonapp/bing_images_india_student_dataset/india/transcript/cbse_mark_sheet_class_12_india/35.jpg,OK
India,en,transcript,school_record,CBSE mark sheet class 12 India,https://imgv2-1-f.scribdassets.com/img/document/747336912/original/3227e827cd/1?v=1,/Users/yiweili/Documents/EZcommonapp/bing_images_india_student_dataset/india/transcript/cbse_mark_sheet_class_12_india/36.jpg,OK
India,en,transcript,school_record,CBSE mark sheet class 12 India,https://www.hindustantimes.com/ht-img/img/2024/04/03/550x309/CBSE_12th_marksheet_Viral_Twitter_X_Ankur_Warikoo_1712115539915_1712115540216.png,/Users/yiweili/Documents/EZcommonapp/bing_images_india_student_dataset/india/transcript/cbse_mark_sheet_class_12_india/37.png,OK
India,en,transcript,school_record,CBSE mark sheet class 12 India,https://cache.careers360.mobi/media/articles/uploads/froala_editor/images/2025/5/13/1747119764791.png,/Users/yiweili/Documents/EZcommonapp/bing_images_india_student_dataset/india/transcript/cbse_mark_sheet_class_12_india/38.png,OK
India,en,transcript,school_record,CBSE mark sheet class 12 India,https://cnewsliveenglish.com/images/cbse-class-12-results-2025-declared-access-your-marksheet-via-digilocker-tt-130720251107.jpg,/Users/yiweili/Documents/EZcommonapp/bing_images_india_student_dataset/india/transcript/cbse_mark_sheet_class_12_india/39.jpg,OK
India,en,transcript,school_record,CBSE mark sheet class 12 India,https://media-mycbseguide.s3.amazonaws.com/images/blog/marksheet_sample.jpeg,/Users/yiweili/Documents/EZcommonapp/bing_images_india_student_dataset/india/transcript/cbse_mark_sheet_class_12_india/40.jpeg,OK
India,en,transcript,school_record,CBSE mark sheet class 12 India,https://imgv2-1-f.scribdassets.com/img/document/667446246/original/3bae58c14a/1693130843?v=1,/Users/yiweili/Documents/EZcommonapp/bing_images_india_student_dataset/india/transcript/cbse_mark_sheet_class_12_india/41.jpg,OK
India,en,transcript,school_record,CBSE mark sheet class 12 India,https://www.sibsagarcollege.in/wp-content/uploads/2025/04/cbse-12th-result-2025.webp,/Users/yiweili/Documents/EZcommonapp/bing_images_india_student_dataset/india/transcript/cbse_mark_sheet_class_12_india/42.webp,OK
India,en,transcript,school_record,CBSE mark sheet class 12 India,https://www.indiaexamalert.com/wp-content/uploads/2025/08/CBSE-Class-12-Supplementary-Result-2025-1024x536.webp,/Users/yiweili/Documents/EZcommonapp/bing_images_india_student_dataset/india/transcript/cbse_mark_sheet_class_12_india/43.webp,OK
India,en,transcript,school_record,CBSE mark sheet class 12 India,https://imgv2-2-f.scribdassets.com/img/document/806851210/original/8352ab754e/1?v=1,/Users/yiweili/Documents/EZcommonapp/bing_images_india_student_dataset/india/transcript/cbse_mark_sheet_class_12_india/44.jpg,OK
India,en,transcript,school_record,CBSE mark sheet class 12 India,https://static.kopykitab.com/blog/wp-content/uploads/2020/01/CBSE-Class-12-Result.png,/Users/yiweili/Documents/EZcommonapp/bing_images_india_student_dataset/india/transcript/cbse_mark_sheet_class_12_india/45.png,OK
India,en,transcript,school_record,CBSE mark sheet class 12 India,https://i.pinimg.com/736x/d4/18/8b/d4188ba29f60e9bdb8ec72889fb810a3.jpg,/Users/yiweili/Documents/EZcommonapp/bing_images_india_student_dataset/india/transcript/cbse_mark_sheet_class_12_india/46.jpg,OK
India,en,transcript,school_record,CBSE mark sheet class 12 India,https://smart-school.in/assets/article-media/bh5.png,/Users/yiweili/Documents/EZcommonapp/bing_images_india_student_dataset/india/transcript/cbse_mark_sheet_class_12_india/47.png,OK
India,en,transcript,school_record,CBSE mark sheet class 12 India,https://imgv2-2-f.scribdassets.com/img/document/821579062/original/34cb9616e9/1?v=1,/Users/yiweili/Documents/EZcommonapp/bing_images_india_student_dataset/india/transcript/cbse_mark_sheet_class_12_india/48.jpg,OK
India,en,transcript,school_record,CBSE mark sheet class 12 India,https://2.bp.blogspot.com/-K2MUnkeob_s/WSuFkcicq_I/AAAAAAAA3-o/YlY4De2DjM8tS5TEOC9r-1GYnmfvzDruwCLcB/s640/598382-raksha1.jpg,/Users/yiweili/Documents/EZcommonapp/bing_images_india_student_dataset/india/transcript/cbse_mark_sheet_class_12_india/49.jpg,OK
India,en,transcript,school_record,CBSE mark sheet class 12 India,https://images.news18.com/ibnlive/uploads/2023/04/fr_-pgdaiaah6ou-1-168076552816x9.jpg,/Users/yiweili/Documents/EZcommonapp/bing_images_india_student_dataset/india/transcript/cbse_mark_sheet_class_12_india/50.jpg,OK
India,en,transcript,school_record,CBSE mark sheet class 12 India,https://cdn.slidesharecdn.com/ss_thumbnails/12thmarksheet-160824020915-thumbnail-4.jpg?cb=1472004593,/Users/yiweili/Documents/EZcommonapp/bing_images_india_student_dataset/india/transcript/cbse_mark_sheet_class_12_india/51.jpg,OK
India,en,transcript,school_record,CBSE mark sheet class 12 India,https://imgk.timesnownews.com/story/CBSE_12th_Mark_Sheet_2021.png,/Users/yiweili/Documents/EZcommonapp/bing_images_india_student_dataset/india/transcript/cbse_mark_sheet_class_12_india/52.png,OK
India,en,transcript,school_record,CBSE mark sheet class 12 India,https://imgv2-2-f.scribdassets.com/img/document/802099205/original/facf6c6c2d/1?v=1,/Users/yiweili/Documents/EZcommonapp/bing_images_india_student_dataset/india/transcript/cbse_mark_sheet_class_12_india/53.jpg,OK
India,en,transcript,school_record,CBSE mark sheet class 12 India,"https://static.toiimg.com/thumb/imgsize-23456,msid-53042284,width-600,resizemode-4/53042284.jpg",/Users/yiweili/Documents/EZcommonapp/bing_images_india_student_dataset/india/transcript/cbse_mark_sheet_class_12_india/54.jpg,OK
India,en,transcript,school_record,CBSE mark sheet class 12 India,https://images.financialexpressdigital.com/2025/05/cbse-class-10-marksheet-AISSE-10th.png?quality=100,/Users/yiweili/Documents/EZcommonapp/bing_images_india_student_dataset/india/transcript/cbse_mark_sheet_class_12_india/55.png,OK
India,en,transcript,school_record,CBSE mark sheet class 12 India,https://media.collegedekho.com/media/img/news/CBSE_Class_12_Marksheet_2025.png?height=315&width=600,/Users/yiweili/Documents/EZcommonapp/bing_images_india_student_dataset/india/transcript/cbse_mark_sheet_class_12_india/56.png,OK
India,en,transcript,school_record,CBSE mark sheet class 12 India,https://i.pinimg.com/originals/3b/54/05/3b5405b813af62b30e99fb0a1521f7b1.jpg,/Users/yiweili/Documents/EZcommonapp/bing_images_india_student_dataset/india/transcript/cbse_mark_sheet_class_12_india/57.jpg,OK
India,en,transcript,school_record,CBSE mark sheet class 12 India,https://doonwinner.in/wp-content/uploads/2023/03/Class-10-blur.png,/Users/yiweili/Documents/EZcommonapp/bing_images_india_student_dataset/india/transcript/cbse_mark_sheet_class_12_india/58.png,OK
India,en,transcript,school_record,CBSE mark sheet class 12 India,https://img.jagranjosh.com/images/2025/10/30/result/image/CBSE-CLASS-12-1761823090638.png,/Users/yiweili/Documents/EZcommonapp/bing_images_india_student_dataset/india/transcript/cbse_mark_sheet_class_12_india/59.png,OK
India,en,transcript,school_record,ICSE report card secondary school India,https://imgv2-1-f.scribdassets.com/img/document/825804630/original/8322ba0c67/1?v=1,/Users/yiweili/Documents/EZcommonapp/bing_images_india_student_dataset/india/transcript/icse_report_card_secondary_school_india/0.jpg,OK
India,en,transcript,school_record,ICSE report card secondary school India,https://imgv2-2-f.scribdassets.com/img/document/730453847/original/9d1d12916f/1720213537?v=1,/Users/yiweili/Documents/EZcommonapp/bing_images_india_student_dataset/india/transcript/icse_report_card_secondary_school_india/1.jpg,OK
India,en,transcript,school_record,ICSE report card secondary school India,https://image5.slideserve.com/10535171/indian-certificate-of-secondary-education-icse-l.jpg,/Users/yiweili/Documents/EZcommonapp/bing_images_india_student_dataset/india/transcript/icse_report_card_secondary_school_india/2.jpg,OK
India,en,transcript,school_record,ICSE report card secondary school India,https://imgv2-2-f.scribdassets.com/img/document/661390179/original/ded484fc7c/1716435825?v=1,/Users/yiweili/Documents/EZcommonapp/bing_images_india_student_dataset/india/transcript/icse_report_card_secondary_school_india/3.jpg,OK
India,en,transcript,school_record,ICSE report card secondary school India,https://i.pinimg.com/736x/36/7d/a6/367da66458e23499c7aea7a2b1388f0d.jpg,/Users/yiweili/Documents/EZcommonapp/bing_images_india_student_dataset/india/transcript/icse_report_card_secondary_school_india/4.jpg,OK
India,en,transcript,school_record,ICSE report card secondary school India,https://image.slidesharecdn.com/cbsevsicse-241128055037-6938f18d/85/CBSE-vs-ICSE-Why-CBSE-Is-Better-Than-ICSE-3-320.jpg,/Users/yiweili/Documents/EZcommonapp/bing_images_india_student_dataset/india/transcript/icse_report_card_secondary_school_india/5.jpg,OK
India,en,transcript,school_record,ICSE report card secondary school India,https://image7.slideserve.com/12572749/the-indian-certificate-of-secondary-education-l.jpg,/Users/yiweili/Documents/EZcommonapp/bing_images_india_student_dataset/india/transcript/icse_report_card_secondary_school_india/6.jpg,OK
India,en,transcript,school_record,ICSE report card secondary school India,https://image4.slideserve.com/7875928/icse-icse-indian-certificate-of-secondary-l.jpg,/Users/yiweili/Documents/EZcommonapp/bing_images_india_student_dataset/india/transcript/icse_report_card_secondary_school_india/7.jpg,OK
India,en,transcript,school_record,ICSE report card secondary school India,https://spsbadalpar.com/wp-content/uploads/2024/03/pogress-report-card-2024.webp,/Users/yiweili/Documents/EZcommonapp/bing_images_india_student_dataset/india/transcript/icse_report_card_secondary_school_india/8.webp,OK
India,en,transcript,school_record,ICSE report card secondary school India,https://www.21kschool.com/sg/wp-content/uploads/sites/3/2025/06/ICSE-Indian-Certificate-of-Secondary-Education.jpg,,ERR_HTTPSConnectionPool(host='www.21kschool.
India,en,transcript,school_record,ICSE report card secondary school India,https://images.shiksha.com/mediadata/images/articles/1714976302phpkh941C.jpeg,,HTTP_403
India,en,transcript,school_record,ICSE report card secondary school India,https://www.psadigitalindia.com/images/psad/r_backside_class6_8.png,/Users/yiweili/Documents/EZcommonapp/bing_images_india_student_dataset/india/transcript/icse_report_card_secondary_school_india/9.png,OK
India,en,transcript,school_record,ICSE report card secondary school India,https://i.pinimg.com/originals/fb/40/63/fb406391d81c6b188a7162c0bdf5a295.jpg,/Users/yiweili/Documents/EZcommonapp/bing_images_india_student_dataset/india/transcript/icse_report_card_secondary_school_india/10.jpg,OK
India,en,transcript,school_record,ICSE report card secondary school India,https://media.licdn.com/dms/image/v2/D5612AQFtkMFO61wapw/article-cover_image-shrink_720_1280/B56ZrPVB6yHYAI-/0/1764414988435?e=2147483647&v=beta&t=bT5D912SbWGmXiAUKs89wRAhTXlHyWPDkfgHRF13a3U,/Users/yiweili/Documents/EZcommonapp/bing_images_india_student_dataset/india/transcript/icse_report_card_secondary_school_india/11.jpg,OK
India,en,transcript,school_record,ICSE report card secondary school India,https://www.feesys.com/images/Annual-Report-Card_page-0001.jpg,/Users/yiweili/Documents/EZcommonapp/bing_images_india_student_dataset/india/transcript/icse_report_card_secondary_school_india/12.jpg,OK
India,en,transcript,school_record,ICSE report card secondary school India,https://deekshalearning.com/wp-content/uploads/2021/06/ICSE-BANNER.jpg,/Users/yiweili/Documents/EZcommonapp/bing_images_india_student_dataset/india/transcript/icse_report_card_secondary_school_india/13.jpg,OK
India,en,transcript,school_record,ICSE report card secondary school India,https://jgi-design-live.s3.amazonaws.com/jaincollege.ac.in/uploads/blog/ICSE-full-form.jpg,/Users/yiweili/Documents/EZcommonapp/bing_images_india_student_dataset/india/transcript/icse_report_card_secondary_school_india/14.jpg,OK
India,en,transcript,school_record,ICSE report card secondary school India,https://i.pinimg.com/originals/59/d5/4a/59d54a7bb22b2856a8963e44bf297044.jpg,/Users/yiweili/Documents/EZcommonapp/bing_images_india_student_dataset/india/transcript/icse_report_card_secondary_school_india/15.jpg,OK
India,en,transcript,school_record,ICSE report card secondary school India,https://image.slidesharecdn.com/secondaryeducation16-231024053142-35493ba9/85/Secondary-Education-10-320.jpg,/Users/yiweili/Documents/EZcommonapp/bing_images_india_student_dataset/india/transcript/icse_report_card_secondary_school_india/16.jpg,OK
India,en,transcript,school_record,ICSE report card secondary school India,https://cdn1.byjus.com/wp-content/uploads/2018/11/icse/2015/12/15074328/icse.png,/Users/yiweili/Documents/EZcommonapp/bing_images_india_student_dataset/india/transcript/icse_report_card_secondary_school_india/17.png,OK
India,en,transcript,school_record,ICSE report card secondary school India,https://images.shiksha.com/mediadata/images/1743051085phpRveveG.jpeg,,HTTP_403
India,en,transcript,school_record,ICSE report card secondary school India,"https://static.toiimg.com/thumb/imgsize-78512008,msid-100249346,width-600,resizemode-4/100249346.jpg",/Users/yiweili/Documents/EZcommonapp/bing_images_india_student_dataset/india/transcript/icse_report_card_secondary_school_india/18.jpg,OK
India,en,transcript,school_record,ICSE report card secondary school India,https://image.slidesharecdn.com/icseboard-231017021504-680f52fd/85/icse-board-pptx-3-320.jpg,/Users/yiweili/Documents/EZcommonapp/bing_images_india_student_dataset/india/transcript/icse_report_card_secondary_school_india/19.jpg,OK
India,en,transcript,school_record,ICSE report card secondary school India,https://edit.org/photos/img/blog/igs-template-report-card-school-free-download.jpg-840.jpg,/Users/yiweili/Documents/EZcommonapp/bing_images_india_student_dataset/india/transcript/icse_report_card_secondary_school_india/20.jpg,OK
India,en,transcript,school_record,ICSE report card secondary school India,https://i.pinimg.com/736x/6a/a4/00/6aa40077adbee14a5a342598a1f084fc.jpg,/Users/yiweili/Documents/EZcommonapp/bing_images_india_student_dataset/india/transcript/icse_report_card_secondary_school_india/21.jpg,OK
India,en,transcript,school_record,ICSE report card secondary school India,https://examsarkariresult.info/wp-content/uploads/2025/04/CISCE-ICSE-ISC-Result-check-class-10-12-download-marksheet.png,/Users/yiweili/Documents/EZcommonapp/bing_images_india_student_dataset/india/transcript/icse_report_card_secondary_school_india/22.png,OK
India,en,transcript,school_record,ICSE report card secondary school India,https://images.shiksha.com/mediadata/images/articles/1684060396phpCCnyE8.jpeg,,HTTP_403
India,en,transcript,school_record,ICSE report card secondary school India,https://legaldbol.com/wp-content/uploads/2019/03/48-Standard-Report-Card-Template-For-Secondary-School-PSD-File-by-Report-Card-Template-For-Secondary-School.jpg,/Users/yiweili/Documents/EZcommonapp/bing_images_india_student_dataset/india/transcript/icse_report_card_secondary_school_india/23.jpg,OK
India,en,transcript,school_record,ICSE report card secondary school India,https://mentoriablog.azurewebsites.net/wp-content/uploads/2022/08/four-9.jpg,/Users/yiweili/Documents/EZcommonapp/bing_images_india_student_dataset/india/transcript/icse_report_card_secondary_school_india/24.jpg,OK
India,en,transcript,school_record,ICSE report card secondary school India,https://assets-global.website-files.com/636b8b0813f5916b879dde40/64b916227dc76d851ee7e0fa_Education Boards in India-04.webp,/Users/yiweili/Documents/EZcommonapp/bing_images_india_student_dataset/india/transcript/icse_report_card_secondary_school_india/25.webp,OK
India,en,transcript,school_record,ICSE report card secondary school India,https://imgv2-2-f.scribdassets.com/img/document/730457148/original/48e06cbb40/1718422668?v=1,/Users/yiweili/Documents/EZcommonapp/bing_images_india_student_dataset/india/transcript/icse_report_card_secondary_school_india/26.jpg,OK
India,en,transcript,school_record,ICSE report card secondary school India,https://d1csarkz8obe9u.cloudfront.net/posterpreviews/school-report-card-template-design-888965e123243b8d858fc9b2e03749fa_screen.jpg?ts=1691701238,/Users/yiweili/Documents/EZcommonapp/bing_images_india_student_dataset/india/transcript/icse_report_card_secondary_school_india/27.jpg,OK
India,en,transcript,school_record,ICSE report card secondary school India,https://www.poidata.io/storage/map_images/icse-school-in-india.png,/Users/yiweili/Documents/EZcommonapp/bing_images_india_student_dataset/india/transcript/icse_report_card_secondary_school_india/28.png,OK
India,en,transcript,school_record,ICSE report card secondary school India,https://www.selfstudys.com/uploads/images/WZHwl3cMrjxrpxyxVFl9.jpg,/Users/yiweili/Documents/EZcommonapp/bing_images_india_student_dataset/india/transcript/icse_report_card_secondary_school_india/29.jpg,OK
India,en,transcript,school_record,ICSE report card secondary school India,https://www.hindustantimes.com/_next/image?url=https:%2F%2Fwww.hindustantimes.com%2Fht-img%2Fimg%2F2024%2F05%2F06%2Foriginal%2Ficse_isc_1714975271621.png&w=2048&q=75,/Users/yiweili/Documents/EZcommonapp/bing_images_india_student_dataset/india/transcript/icse_report_card_secondary_school_india/30.jpg,OK
India,en,transcript,school_record,ICSE report card secondary school India,https://srsheritageschool.in/images/icse1.jpg,/Users/yiweili/Documents/EZcommonapp/bing_images_india_student_dataset/india/transcript/icse_report_card_secondary_school_india/31.jpg,OK
India,en,transcript,school_record,ICSE report card secondary school India,https://i.ytimg.com/vi/ez2DHe651CM/oar2.jpg?sqp=-oaymwEkCJUDENAFSFqQAgHyq4qpAxMIARUAAAAAJQAAyEI9AICiQ3gB&rs=AOn4CLB8bvhasykewuAc0D_gswD_z1qNgQ,/Users/yiweili/Documents/EZcommonapp/bing_images_india_student_dataset/india/transcript/icse_report_card_secondary_school_india/32.jpg,OK
India,en,transcript,school_record,ICSE report card secondary school India,https://examsarkariresult.info/wp-content/uploads/2025/04/CISCE-ICSE-ISC-Result-check-class-10-12-download-marksheet-768x432.png,/Users/yiweili/Documents/EZcommonapp/bing_images_india_student_dataset/india/transcript/icse_report_card_secondary_school_india/33.png,OK
India,en,transcript,school_record,ICSE report card secondary school India,https://d3it91zw76pwp5.cloudfront.net/wp-content/uploads/2023/07/Indian-Certificate-of-Secondary-Education-1024x512.png,/Users/yiweili/Documents/EZcommonapp/bing_images_india_student_dataset/india/transcript/icse_report_card_secondary_school_india/34.png,OK
India,en,transcript,school_record,ICSE report card secondary school India,https://nationhub.in/wp-content/uploads/2022/12/icse-mark-sheet-768x419.jpg,/Users/yiweili/Documents/EZcommonapp/bing_images_india_student_dataset/india/transcript/icse_report_card_secondary_school_india/35.jpg,OK
India,en,transcript,school_record,ICSE report card secondary school India,https://www.psadigitalindia.com/images/psad/r_frontside_class6_8.png,/Users/yiweili/Documents/EZcommonapp/bing_images_india_student_dataset/india/transcript/icse_report_card_secondary_school_india/36.png,OK
India,en,transcript,school_record,ICSE report card secondary school India,https://lh6.googleusercontent.com/na9GXsO9-cfKHFa0NnvN7CjFHPigflHolsC7Si7qOb3OIubdL7bxvI6WkS_85DDSh--9gWhlNcpfyMO4ZPXeSnTica0ixtN_tn4AT6_pC7lS8wG6ekU7B5hpvw,/Users/yiweili/Documents/EZcommonapp/bing_images_india_student_dataset/india/transcript/icse_report_card_secondary_school_india/37.jpg,OK
India,en,transcript,school_record,ICSE report card secondary school India,https://www.pdffiller.com/preview/29/478/29478945/large.png,/Users/yiweili/Documents/EZcommonapp/bing_images_india_student_dataset/india/transcript/icse_report_card_secondary_school_india/38.png,OK
India,en,transcript,school_record,ICSE report card secondary school India,https://images.shiksha.com/mediadata/images/articles/1684041245php3Lzmyc.jpeg,,HTTP_403
India,en,transcript,school_record,ICSE report card secondary school India,https://msofficegeek.com/wp-content/uploads/2021/07/Term-2-Report-Card-LH.jpg,/Users/yiweili/Documents/EZcommonapp/bing_images_india_student_dataset/india/transcript/icse_report_card_secondary_school_india/39.jpg,OK
India,en,transcript,school_record,ICSE report card secondary school India,https://sathiyakaathi.org/images/icse_certificate.jpg,/Users/yiweili/Documents/EZcommonapp/bing_images_india_student_dataset/india/transcript/icse_report_card_secondary_school_india/40.jpg,OK
India,en,transcript,school_record,ICSE report card secondary school India,https://sgpacalculator.in/wp-content/uploads/2023/09/Indian-Certificate-of-Secondary-Education-1.png,/Users/yiweili/Documents/EZcommonapp/bing_images_india_student_dataset/india/transcript/icse_report_card_secondary_school_india/41.png,OK
India,en,transcript,school_record,ICSE report card secondary school India,https://image6.slideserve.com/11891228/the-indian-certificate-of-secondary-education-icse-l.jpg,/Users/yiweili/Documents/EZcommonapp/bing_images_india_student_dataset/india/transcript/icse_report_card_secondary_school_india/42.jpg,OK
India,en,transcript,school_record,ICSE report card secondary school India,http://www.thegurukulians.com/images/courses/inner-new/logos/boards/icse.jpg,,ERR_HTTPConnectionPool(host='www.thegurukuli
India,en,transcript,school_record,ICSE report card secondary school India,https://www.ipem.org/school/images/ICSE-ISC-RESULT-2024.jpg,,"ERR_HTTPSConnectionPool(host='www.ipem.org',"
India,en,transcript,school_record,ICSE report card secondary school India,https://static.upscportal.com/images/ICSE-Tree.gif,/Users/yiweili/Documents/EZcommonapp/bing_images_india_student_dataset/india/transcript/icse_report_card_secondary_school_india/43.jpg,OK
India,en,transcript,school_record,ICSE report card secondary school India,https://www.psadigitalindia.com/images/psad/report_card_class11_f.jpg,/Users/yiweili/Documents/EZcommonapp/bing_images_india_student_dataset/india/transcript/icse_report_card_secondary_school_india/44.jpg,OK
India,en,transcript,school_record,ICSE report card secondary school India,https://cache.careers360.mobi/media/articles/uploads/froala_editor/images/2021/9/13/1631507757522.png,/Users/yiweili/Documents/EZcommonapp/bing_images_india_student_dataset/india/transcript/icse_report_card_secondary_school_india/45.png,OK
India,en,transcript,school_record,ICSE report card secondary school India,https://img.jagranjosh.com/images/2023/January/1212023/icse-full-form-compressed.webp,/Users/yiweili/Documents/EZcommonapp/bing_images_india_student_dataset/india/transcript/icse_report_card_secondary_school_india/46.webp,OK
India,en,transcript,school_record,ICSE report card secondary school India,https://i.pinimg.com/originals/59/99/97/59999734eead176bc2642c8a1c364089.jpg,/Users/yiweili/Documents/EZcommonapp/bing_images_india_student_dataset/india/transcript/icse_report_card_secondary_school_india/47.jpg,OK
India,en,transcript,school_record,ICSE report card secondary school India,https://stories.sakshieducation.com/web-stories/informative/2023-04-15/top-benefits-icse-board-2023_1681540627.jpg,/Users/yiweili/Documents/EZcommonapp/bing_images_india_student_dataset/india/transcript/icse_report_card_secondary_school_india/48.jpg,OK
India,en,transcript,school_record,ICSE report card secondary school India,https://resize.indiatvnews.com/en/resize/newbucket/1200_-/2017/05/isce-results-1496060325.jpg,/Users/yiweili/Documents/EZcommonapp/bing_images_india_student_dataset/india/transcript/icse_report_card_secondary_school_india/49.jpg,OK
India,en,transcript,school_record,ICSE report card secondary school India,https://cdn.eduncle.com/webfiles/images/blog-featured-images/53565.jpg,/Users/yiweili/Documents/EZcommonapp/bing_images_india_student_dataset/india/transcript/icse_report_card_secondary_school_india/50.jpg,OK
India,en,transcript,school_record,ICSE report card secondary school India,https://imgeng.jagran.com/images/2022/jul/pic1658059708079.jpg,/Users/yiweili/Documents/EZcommonapp/bing_images_india_student_dataset/india/transcript/icse_report_card_secondary_school_india/51.jpg,OK
India,en,transcript,school_record,ICSE report card secondary school India,https://www.theeducationabroad.com/uploads/news/icse-isc-class-10-and-12-results-declaredbnner.webp,,ERR_HTTPSConnectionPool(host='www.theeducati
India,en,transcript,school_record,ICSE report card secondary school India,"https://static.toiimg.com/thumb/imgsize-23456,msid-84721555,width-600,resizemode-4/84721555.jpg",/Users/yiweili/Documents/EZcommonapp/bing_images_india_student_dataset/india/transcript/icse_report_card_secondary_school_india/52.jpg,OK
India,en,transcript,school_record,ICSE report card secondary school India,https://i.pinimg.com/736x/d4/99/e2/d499e2d1bbd01e8ed6b69c9547097dad.jpg,/Users/yiweili/Documents/EZcommonapp/bing_images_india_student_dataset/india/transcript/icse_report_card_secondary_school_india/53.jpg,OK
India,en,transcript,school_record,ICSE report card secondary school India,https://robomateplus.com/wp-content/uploads/2017/05/icse-board-result-1-600x302.png,/Users/yiweili/Documents/EZcommonapp/bing_images_india_student_dataset/india/transcript/icse_report_card_secondary_school_india/54.png,OK
India,en,transcript,school_record,ICSE report card secondary school India,https://www.coursesxpert.com/wp-content/uploads/2023/04/ICSE-School.webp,/Users/yiweili/Documents/EZcommonapp/bing_images_india_student_dataset/india/transcript/icse_report_card_secondary_school_india/55.webp,OK
India,en,transcript,school_record,ICSE report card secondary school India,https://www.ecoleglobale.com/blog/wp-content/uploads/2022/12/Which-Are-The-Top-5-ICSE-And-CBSE-Schools-For-Boys-And-Girls-In-India-1536x1086.png,/Users/yiweili/Documents/EZcommonapp/bing_images_india_student_dataset/india/transcript/icse_report_card_secondary_school_india/56.png,OK
India,en,transcript,school_record,ICSE report card secondary school India,https://i0.wp.com/scottishigh.com/wp-content/uploads/2019/07/ISC-ICSE-board-result-2019-featured-by-Education-Today-magazine.jpg,/Users/yiweili/Documents/EZcommonapp/bing_images_india_student_dataset/india/transcript/icse_report_card_secondary_school_india/57.jpg,OK
India,en,transcript,school_record,ICSE report card secondary school India,https://assets.telegraphindia.com/telegraph/2020/Jul/1593807851_icse-ex.jpg,/Users/yiweili/Documents/EZcommonapp/bing_images_india_student_dataset/india/transcript/icse_report_card_secondary_school_india/58.jpg,OK
India,en,transcript,school_record,ICSE report card secondary school India,https://www.notredameacademyblr.com/wp-content/uploads/2021/08/Result-2021-791x1024.jpeg,/Users/yiweili/Documents/EZcommonapp/bing_images_india_student_dataset/india/transcript/icse_report_card_secondary_school_india/59.jpeg,OK
India,en,transcript,school_record,state board mark sheet high school India pdf,https://cache.careers360.mobi/media/presets/684X722/articles/uploads/froala_editor/images/2024/4/16/1713248029418.png,/Users/yiweili/Documents/EZcommonapp/bing_images_india_student_dataset/india/transcript/state_board_mark_sheet_high_school_india_pdf/0.png,OK
India,en,transcript,school_record,state board mark sheet high school India pdf,https://imgv2-1-f.scribdassets.com/img/document/693022069/original/5b67bc0dcd/1?v=1,/Users/yiweili/Documents/EZcommonapp/bing_images_india_student_dataset/india/transcript/state_board_mark_sheet_high_school_india_pdf/1.jpg,OK
India,en,transcript,school_record,state board mark sheet high school India pdf,https://imgv2-2-f.scribdassets.com/img/document/715980820/original/edd106999c/1?v=1,/Users/yiweili/Documents/EZcommonapp/bing_images_india_student_dataset/india/transcript/state_board_mark_sheet_high_school_india_pdf/2.jpg,OK
India,en,transcript,school_record,state board mark sheet high school India pdf,https://static.india.com/wp-content/uploads/2024/04/Prachi-Nigam-Marksheet-Social-Media.jpg,/Users/yiweili/Documents/EZcommonapp/bing_images_india_student_dataset/india/transcript/state_board_mark_sheet_high_school_india_pdf/3.jpg,OK
India,en,transcript,school_record,state board mark sheet high school India pdf,https://smart-school.in/assets/article-media/bh5.png,/Users/yiweili/Documents/EZcommonapp/bing_images_india_student_dataset/india/transcript/state_board_mark_sheet_high_school_india_pdf/4.png,OK
India,en,transcript,school_record,state board mark sheet high school India pdf,https://imgv2-2-f.scribdassets.com/img/document/608587594/original/0cc8065886/1?v=1,/Users/yiweili/Documents/EZcommonapp/bing_images_india_student_dataset/india/transcript/state_board_mark_sheet_high_school_india_pdf/5.jpg,OK
India,en,transcript,school_record,state board mark sheet high school India pdf,https://image.slidesharecdn.com/4f8ff3fc-3d39-4237-895a-aa352fa0c73b-160822193851/85/Heigher-Secondary-level-Mark-sheet-grade-12-1-320.jpg,/Users/yiweili/Documents/EZcommonapp/bing_images_india_student_dataset/india/transcript/state_board_mark_sheet_high_school_india_pdf/6.jpg,OK
India,en,transcript,school_record,state board mark sheet high school India pdf,https://cdn.slidesharecdn.com/ss_thumbnails/d5f9c51c-8526-4396-b20a-09123d45bd5c-170114135128-thumbnail.jpg?width=640&height=640&fit=bounds,/Users/yiweili/Documents/EZcommonapp/bing_images_india_student_dataset/india/transcript/state_board_mark_sheet_high_school_india_pdf/7.jpg,OK
India,en,transcript,school_record,state board mark sheet high school India pdf,https://image.slidesharecdn.com/ae6e5d32-66a4-47ce-aa8b-368db7367863-160316194931/75/Higher-Secondary-Marksheet-1-2048.jpg,/Users/yiweili/Documents/EZcommonapp/bing_images_india_student_dataset/india/transcript/state_board_mark_sheet_high_school_india_pdf/8.jpg,OK
India,en,transcript,school_record,state board mark sheet high school India pdf,https://imgv2-1-f.scribdassets.com/img/document/729440905/original/e3a900c70c/1?v=1,/Users/yiweili/Documents/EZcommonapp/bing_images_india_student_dataset/india/transcript/state_board_mark_sheet_high_school_india_pdf/9.jpg,OK
India,en,transcript,school_record,state board mark sheet high school India pdf,https://imgv2-1-f.scribdassets.com/img/document/807372519/original/18c1223672/1?v=1,/Users/yiweili/Documents/EZcommonapp/bing_images_india_student_dataset/india/transcript/state_board_mark_sheet_high_school_india_pdf/10.jpg,OK
India,en,transcript,school_record,state board mark sheet high school India pdf,https://media-mycbseguide.s3.amazonaws.com/images/blog/marksheet_sample.jpeg,/Users/yiweili/Documents/EZcommonapp/bing_images_india_student_dataset/india/transcript/state_board_mark_sheet_high_school_india_pdf/11.jpeg,OK
India,en,transcript,school_record,state board mark sheet high school India pdf,https://i.pinimg.com/originals/a0/b1/9e/a0b19e9ff179c0d6aab8263b56bcbb80.jpg,/Users/yiweili/Documents/EZcommonapp/bing_images_india_student_dataset/india/transcript/state_board_mark_sheet_high_school_india_pdf/12.jpg,OK
India,en,transcript,school_record,state board mark sheet high school India pdf,https://nationhub.in/wp-content/uploads/2024/05/up-board-marksheet-sample-image.jpg,/Users/yiweili/Documents/EZcommonapp/bing_images_india_student_dataset/india/transcript/state_board_mark_sheet_high_school_india_pdf/13.jpg,OK
India,en,transcript,school_record,state board mark sheet high school India pdf,https://preview.redd.it/query-regarding-10th-marksheet-from-gujarat-state-board-v0-m6x7q1s5r0mb1.jpg?width=640&crop=smart&auto=webp&s=f2668f500b86a8de9a1cf687462a8d55ad31d4fb,/Users/yiweili/Documents/EZcommonapp/bing_images_india_student_dataset/india/transcript/state_board_mark_sheet_high_school_india_pdf/14.jpg,OK
India,en,transcript,school_record,state board mark sheet high school India pdf,https://live.staticflickr.com/8231/8554381587_ea2fe89fe7_b.jpg,/Users/yiweili/Documents/EZcommonapp/bing_images_india_student_dataset/india/transcript/state_board_mark_sheet_high_school_india_pdf/15.jpg,OK
India,en,transcript,school_record,state board mark sheet high school India pdf,https://ksa.edu.pk/wp-content/uploads/2021/09/Inter-Attested-Marksheet-6f342fce3de361a9dbb1b14dbfa50a4d-scaled.jpg,,"ERR_HTTPSConnectionPool(host='ksa.edu.pk', p"
India,en,transcript,school_record,state board mark sheet high school India pdf,http://www.geocities.ws/simply_vipul/12th.jpg,/Users/yiweili/Documents/EZcommonapp/bing_images_india_student_dataset/india/transcript/state_board_mark_sheet_high_school_india_pdf/16.jpg,OK
India,en,transcript,school_record,state board mark sheet high school India pdf,https://imgv2-2-f.scribdassets.com/img/document/727121981/original/f27a139fbe/1718225950?v=1,/Users/yiweili/Documents/EZcommonapp/bing_images_india_student_dataset/india/transcript/state_board_mark_sheet_high_school_india_pdf/17.jpg,OK
India,en,transcript,school_record,state board mark sheet high school India pdf,https://1.bp.blogspot.com/-JJO_82BKGAE/XV5d_oI1ntI/AAAAAAAAAhA/WWkwO-HzyKA5RhRtt2NVBJJAiUtRJiQhgCLcBGAs/s1600/BSE%252C%2BM.P.%2BMARK%2BSHEET%2B-DEVARAJ.P.jpg,/Users/yiweili/Documents/EZcommonapp/bing_images_india_student_dataset/india/transcript/state_board_mark_sheet_high_school_india_pdf/18.jpg,OK
India,en,transcript,school_record,state board mark sheet high school India pdf,https://image.slidesharecdn.com/f7ae9ee0-7699-4ef2-8726-50d628df6abe-150113050726-conversion-gate01/75/HSC-MARKSHEET-1-2048.jpg,/Users/yiweili/Documents/EZcommonapp/bing_images_india_student_dataset/india/transcript/state_board_mark_sheet_high_school_india_pdf/19.jpg,OK
India,en,transcript,school_record,state board mark sheet high school India pdf,https://imgv2-1-f.scribdassets.com/img/document/804888145/original/0a5ed185f4/1?v=1,/Users/yiweili/Documents/EZcommonapp/bing_images_india_student_dataset/india/transcript/state_board_mark_sheet_high_school_india_pdf/20.jpg,OK
India,en,transcript,school_record,state board mark sheet high school India pdf,https://imgv2-1-f.scribdassets.com/img/document/718370219/original/ba751e9d64/1?v=1,/Users/yiweili/Documents/EZcommonapp/bing_images_india_student_dataset/india/transcript/state_board_mark_sheet_high_school_india_pdf/21.jpg,OK
India,en,transcript,school_record,state board mark sheet high school India pdf,https://smart-school.in/assets/article-media/Examination-view-marksheet.png,/Users/yiweili/Documents/EZcommonapp/bing_images_india_student_dataset/india/transcript/state_board_mark_sheet_high_school_india_pdf/22.png,OK
India,en,transcript,school_record,state board mark sheet high school India pdf,https://imgv2-1-f.scribdassets.com/img/document/622177591/original/125aa3255e/1681225515?v=1,/Users/yiweili/Documents/EZcommonapp/bing_images_india_student_dataset/india/transcript/state_board_mark_sheet_high_school_india_pdf/23.jpg,OK
India,en,transcript,school_record,state board mark sheet high school India pdf,https://tnbttc.in/wp-content/uploads/2021/04/Image-25.jpg,/Users/yiweili/Documents/EZcommonapp/bing_images_india_student_dataset/india/transcript/state_board_mark_sheet_high_school_india_pdf/24.jpg,OK
India,en,transcript,school_record,state board mark sheet high school India pdf,https://cdn.slidesharecdn.com/ss_thumbnails/7c3d3c0c-427b-460c-838a-96e9155391d4-161022175119-thumbnail.jpg?width=600&height=600&fit=bounds,/Users/yiweili/Documents/EZcommonapp/bing_images_india_student_dataset/india/transcript/state_board_mark_sheet_high_school_india_pdf/25.jpg,OK
India,en,transcript,school_record,state board mark sheet high school India pdf,https://imgv2-1-f.scribdassets.com/img/document/805395977/original/dcb8632e5d/1?v=1,/Users/yiweili/Documents/EZcommonapp/bing_images_india_student_dataset/india/transcript/state_board_mark_sheet_high_school_india_pdf/26.jpg,OK
India,en,transcript,school_record,state board mark sheet high school India pdf,https://cdn.slidesharecdn.com/ss_thumbnails/f7ae9ee0-7699-4ef2-8726-50d628df6abe-150113050726-conversion-gate01-thumbnail.jpg?width=640&height=640&fit=bounds,/Users/yiweili/Documents/EZcommonapp/bing_images_india_student_dataset/india/transcript/state_board_mark_sheet_high_school_india_pdf/27.jpg,OK
India,en,transcript,school_record,state board mark sheet high school India pdf,https://image.slidesharecdn.com/9c3d2310-0555-4413-b4c9-9209fb634a23-150706120539-lva1-app6892/85/SSC-Marksheet-1-638.jpg,/Users/yiweili/Documents/EZcommonapp/bing_images_india_student_dataset/india/transcript/state_board_mark_sheet_high_school_india_pdf/28.jpg,OK
India,en,transcript,school_record,state board mark sheet high school India pdf,https://cache.careers360.mobi/media/articles/uploads/froala_editor/images/2024/4/18/1713418133533.png,/Users/yiweili/Documents/EZcommonapp/bing_images_india_student_dataset/india/transcript/state_board_mark_sheet_high_school_india_pdf/29.png,OK
India,en,transcript,school_record,state board mark sheet high school India pdf,https://aws.vedmarg.com/wp-content/uploads/2024/04/UP-Board-Marksheet-Download-PDF-Online-Verification-400x200.png,,"ERR_('Connection aborted.', ConnectionResetE"
India,en,transcript,school_record,state board mark sheet high school India pdf,http://1.bp.blogspot.com/-en3M1BUSp2Q/UEXaXqBVlfI/AAAAAAAAAGo/V5yN0BDNwcQ/s1600/Marksheet.jpg,/Users/yiweili/Documents/EZcommonapp/bing_images_india_student_dataset/india/transcript/state_board_mark_sheet_high_school_india_pdf/30.jpg,OK
India,en,transcript,school_record,state board mark sheet high school India pdf,https://i.pinimg.com/originals/55/d9/95/55d995bd9376d5da1a684daf4b9dfa45.jpg,/Users/yiweili/Documents/EZcommonapp/bing_images_india_student_dataset/india/transcript/state_board_mark_sheet_high_school_india_pdf/31.jpg,OK
India,en,transcript,school_record,state board mark sheet high school India pdf,https://image.slidesharecdn.com/e18fc636-a827-4f93-ab4a-85599f260f5a-160809092251/75/secondary-school-marksheetpdf-1-2048.jpg?cb=1668358971,/Users/yiweili/Documents/EZcommonapp/bing_images_india_student_dataset/india/transcript/state_board_mark_sheet_high_school_india_pdf/32.jpg,OK
India,en,transcript,school_record,state board mark sheet high school India pdf,https://imgv2-2-f.scribdassets.com/img/document/877360002/original/ff4def5e23/1?v=1,/Users/yiweili/Documents/EZcommonapp/bing_images_india_student_dataset/india/transcript/state_board_mark_sheet_high_school_india_pdf/33.jpg,OK
India,en,transcript,school_record,state board mark sheet high school India pdf,https://imgv2-2-f.scribdassets.com/img/document/744310272/original/9830bef7cf/1721691300?v=1,/Users/yiweili/Documents/EZcommonapp/bing_images_india_student_dataset/india/transcript/state_board_mark_sheet_high_school_india_pdf/34.jpg,OK
India,en,transcript,school_record,state board mark sheet high school India pdf,https://imgv2-1-f.scribdassets.com/img/document/831949661/original/c595f8cd1b/1?v=1,/Users/yiweili/Documents/EZcommonapp/bing_images_india_student_dataset/india/transcript/state_board_mark_sheet_high_school_india_pdf/35.jpg,OK
India,en,transcript,school_record,state board mark sheet high school India pdf,https://fastjobsearchers.in/wp-content/uploads/2019/05/up-board-10-12-Orignal-marksheet.png,/Users/yiweili/Documents/EZcommonapp/bing_images_india_student_dataset/india/transcript/state_board_mark_sheet_high_school_india_pdf/36.png,OK
India,en,transcript,school_record,state board mark sheet high school India pdf,https://cdn.slidesharecdn.com/ss_thumbnails/12thmarksheet-160824020915-thumbnail.jpg?width=560&fit=bounds,/Users/yiweili/Documents/EZcommonapp/bing_images_india_student_dataset/india/transcript/state_board_mark_sheet_high_school_india_pdf/37.jpg,OK
India,en,transcript,school_record,state board mark sheet high school India pdf,https://imgv2-2-f.scribdassets.com/img/document/522231041/original/049ba13bc6/1704111883?v=1,/Users/yiweili/Documents/EZcommonapp/bing_images_india_student_dataset/india/transcript/state_board_mark_sheet_high_school_india_pdf/38.jpg,OK
India,en,transcript,school_record,state board mark sheet high school India pdf,"https://static.toiimg.com/thumb/msid-76969986,width-1200,height-900,resizemode-4/.jpg",/Users/yiweili/Documents/EZcommonapp/bing_images_india_student_dataset/india/transcript/state_board_mark_sheet_high_school_india_pdf/39.jpg,OK
India,en,transcript,school_record,state board mark sheet high school India pdf,https://5.imimg.com/data5/SELLER/Default/2023/4/299995358/OX/OC/BU/14115117/marksheet-printing-500x500.jpg,/Users/yiweili/Documents/EZcommonapp/bing_images_india_student_dataset/india/transcript/state_board_mark_sheet_high_school_india_pdf/40.jpg,OK
India,en,transcript,school_record,state board mark sheet high school India pdf,https://imgv2-1-f.scribdassets.com/img/document/764958634/original/cc48fd47ae/1725692864?v=1,/Users/yiweili/Documents/EZcommonapp/bing_images_india_student_dataset/india/transcript/state_board_mark_sheet_high_school_india_pdf/41.jpg,OK
India,en,transcript,school_record,state board mark sheet high school India pdf,https://imgv2-1-f.scribdassets.com/img/document/633074129/original/8a07bc4bc0/1679831053?v=1,/Users/yiweili/Documents/EZcommonapp/bing_images_india_student_dataset/india/transcript/state_board_mark_sheet_high_school_india_pdf/42.jpg,OK
India,en,transcript,school_record,state board mark sheet high school India pdf,https://imgv2-2-f.scribdassets.com/img/document/665740684/original/e46e526fff/1695832675?v=1,/Users/yiweili/Documents/EZcommonapp/bing_images_india_student_dataset/india/transcript/state_board_mark_sheet_high_school_india_pdf/43.jpg,OK
India,en,transcript,school_record,state board mark sheet high school India pdf,https://imgv2-1-f.scribdassets.com/img/document/736622915/original/d0e9e96cc9/1?v=1,/Users/yiweili/Documents/EZcommonapp/bing_images_india_student_dataset/india/transcript/state_board_mark_sheet_high_school_india_pdf/44.jpg,OK
India,en,transcript,school_record,state board mark sheet high school India pdf,https://imgv2-2-f.scribdassets.com/img/document/683688492/original/86df8358bd/1715814941?v=1,/Users/yiweili/Documents/EZcommonapp/bing_images_india_student_dataset/india/transcript/state_board_mark_sheet_high_school_india_pdf/45.jpg,OK
India,en,transcript,school_record,state board mark sheet high school India pdf,https://d13loartjoc1yn.cloudfront.net/article/1684479055_Consolidated Marksheet.jpg,/Users/yiweili/Documents/EZcommonapp/bing_images_india_student_dataset/india/transcript/state_board_mark_sheet_high_school_india_pdf/46.jpg,OK
India,en,transcript,school_record,state board mark sheet high school India pdf,https://imgv2-1-f.scribdassets.com/img/document/654217369/original/7b876acec1/1687263482?v=1,/Users/yiweili/Documents/EZcommonapp/bing_images_india_student_dataset/india/transcript/state_board_mark_sheet_high_school_india_pdf/47.jpg,OK
India,en,transcript,school_record,state board mark sheet high school India pdf,https://imgv2-2-f.scribdassets.com/img/document/663963720/original/d487253b1f/1706105583?v=1,/Users/yiweili/Documents/EZcommonapp/bing_images_india_student_dataset/india/transcript/state_board_mark_sheet_high_school_india_pdf/48.jpg,OK
India,en,transcript,school_record,state board mark sheet high school India pdf,https://4.bp.blogspot.com/-uzQzv4U4ZHY/U-XCamvb6cI/AAAAAAAAANw/0OJBKj6RmSo/s1600/11th-mat-q.bmp,/Users/yiweili/Documents/EZcommonapp/bing_images_india_student_dataset/india/transcript/state_board_mark_sheet_high_school_india_pdf/49.jpg,OK
India,en,transcript,school_record,state board mark sheet high school India pdf,https://www.adda247.com/jobs/wp-content/uploads/sites/2/2024/05/15190551/IGNOU-June-2024-TEE-Hall-Ticket-1.jpg,/Users/yiweili/Documents/EZcommonapp/bing_images_india_student_dataset/india/transcript/state_board_mark_sheet_high_school_india_pdf/50.jpg,OK
India,en,transcript,school_record,state board mark sheet high school India pdf,https://media.getmyuni.com/assets/images/articles/content/cn-7t-2s0---203102p57241hs-51-mae1rot1e85165.png,/Users/yiweili/Documents/EZcommonapp/bing_images_india_student_dataset/india/transcript/state_board_mark_sheet_high_school_india_pdf/51.png,OK
India,en,transcript,school_record,state board mark sheet high school India pdf,https://imgv2-2-f.scribdassets.com/img/document/412727735/original/0683de84e6/1707815145?v=1,/Users/yiweili/Documents/EZcommonapp/bing_images_india_student_dataset/india/transcript/state_board_mark_sheet_high_school_india_pdf/52.jpg,OK
India,en,transcript,school_record,state board mark sheet high school India pdf,https://image.slidesharecdn.com/1d2b2f08-5160-42c5-a17f-79eb1dedd3ff-150730051919-lva1-app6891/95/12th-mark-sheetpdf-1-638.jpg?cb=1438233586,/Users/yiweili/Documents/EZcommonapp/bing_images_india_student_dataset/india/transcript/state_board_mark_sheet_high_school_india_pdf/53.jpg,OK
India,en,transcript,school_record,state board mark sheet high school India pdf,https://3.bp.blogspot.com/-1ArZJI9BA0Y/TZzNKxoyU8I/AAAAAAAAABM/mnY5TI5LZXI/s1600/High+School+Marksheet.jpg,/Users/yiweili/Documents/EZcommonapp/bing_images_india_student_dataset/india/transcript/state_board_mark_sheet_high_school_india_pdf/54.jpg,OK
India,en,transcript,school_record,state board mark sheet high school India pdf,https://cache.careers360.mobi/media/articles/uploads/froala_editor/images/2024/5/10/1715317368016.jpeg,/Users/yiweili/Documents/EZcommonapp/bing_images_india_student_dataset/india/transcript/state_board_mark_sheet_high_school_india_pdf/55.jpeg,OK
India,en,transcript,school_record,state board mark sheet high school India pdf,https://d20ohkaloyme4g.cloudfront.net/img/document_thumbnails/da342d7722e445491a67b3ff2f6b3b08/thumb_1200_1754.png,/Users/yiweili/Documents/EZcommonapp/bing_images_india_student_dataset/india/transcript/state_board_mark_sheet_high_school_india_pdf/56.png,OK
India,en,transcript,school_record,state board mark sheet high school India pdf,https://tnbttc.in/wp-content/uploads/2019/05/33.jpg,/Users/yiweili/Documents/EZcommonapp/bing_images_india_student_dataset/india/transcript/state_board_mark_sheet_high_school_india_pdf/57.jpg,OK
India,en,transcript,school_record,state board mark sheet high school India pdf,https://images.mid-day.com/images/images/2014/nov/duplicate-marksheet.jpg,/Users/yiweili/Documents/EZcommonapp/bing_images_india_student_dataset/india/transcript/state_board_mark_sheet_high_school_india_pdf/58.jpg,OK
India,en,transcript,school_record,state board mark sheet high school India pdf,https://cache.careers360.mobi/media/articles/uploads/froala_editor/images/2024/5/27/1694859159371.png,/Users/yiweili/Documents/EZcommonapp/bing_images_india_student_dataset/india/transcript/state_board_mark_sheet_high_school_india_pdf/59.png,OK
India,en,transcript,school_record,cumulative grade report school India,https://imgv2-2-f.scribdassets.com/img/document/783835761/original/2309b526dc/1?v=1,/Users/yiweili/Documents/EZcommonapp/bing_images_india_student_dataset/india/transcript/cumulative_grade_report_school_india/0.jpg,OK
India,en,transcript,school_record,cumulative grade report school India,https://d25skit2l41vkl.cloudfront.net/wp-content/uploads/2019/09/Class-wise-Final-Exam-Cumulative-Report-SCPR.jpg,/Users/yiweili/Documents/EZcommonapp/bing_images_india_student_dataset/india/transcript/cumulative_grade_report_school_india/1.jpg,OK
India,en,transcript,school_record,cumulative grade report school India,https://imgv2-2-f.scribdassets.com/img/document/540558556/original/aeb4ba7987/1707772711?v=1,/Users/yiweili/Documents/EZcommonapp/bing_images_india_student_dataset/india/transcript/cumulative_grade_report_school_india/2.jpg,OK
India,en,transcript,school_record,cumulative grade report school India,https://s3-ap-south-1.amazonaws.com/adda247jobs-wp-assets-adda247/jobs/wp-content/uploads/sites/2/2021/09/28084733/main-qimg-300f04de989d5f1848913016986d1d78.png,/Users/yiweili/Documents/EZcommonapp/bing_images_india_student_dataset/india/transcript/cumulative_grade_report_school_india/3.png,OK
India,en,transcript,school_record,cumulative grade report school India,https://resize.indiatvnews.com/en/resize/newbucket/1200_-/2024/04/mark-sheet-1713593280.jpg,/Users/yiweili/Documents/EZcommonapp/bing_images_india_student_dataset/india/transcript/cumulative_grade_report_school_india/4.jpg,OK
India,en,transcript,school_record,cumulative grade report school India,https://imgv2-1-f.scribdassets.com/img/document/432314773/original/a0f56bbecd/1667953226?v=1,/Users/yiweili/Documents/EZcommonapp/bing_images_india_student_dataset/india/transcript/cumulative_grade_report_school_india/5.jpg,OK
India,en,transcript,school_record,cumulative grade report school India,https://cdn.scholaro.com/content/grades-india-2.png,/Users/yiweili/Documents/EZcommonapp/bing_images_india_student_dataset/india/transcript/cumulative_grade_report_school_india/6.png,OK
India,en,transcript,school_record,cumulative grade report school India,https://dylbw5db8047o.cloudfront.net/uploads/e82fd6ee-0787-44c9-93cd-83b53c07cc30.pdf_2.png,/Users/yiweili/Documents/EZcommonapp/bing_images_india_student_dataset/india/transcript/cumulative_grade_report_school_india/7.png,OK
India,en,transcript,school_record,cumulative grade report school India,https://smart-school.in/assets/article-media/bh5.png,/Users/yiweili/Documents/EZcommonapp/bing_images_india_student_dataset/india/transcript/cumulative_grade_report_school_india/8.png,OK
India,en,transcript,school_record,cumulative grade report school India,https://blogger.googleusercontent.com/img/b/R29vZ2xl/AVvXsEjYjx78blYj7qYUeYTo6QRikYemL5Xw_5JaYtjQ_QMMTO3ozG3wa0wVE0EmIHasL__JGJNNIOItqW-aigBZVJ8Rw2cRj2fGTRY92jL3NAIPS8aK-QsovYwYpUIDrbxR5Z7bcMs_Pm_nDfA3/w1200-h630-p-k-no-nu/IMG-20160529-WA0013.jpg,/Users/yiweili/Documents/EZcommonapp/bing_images_india_student_dataset/india/transcript/cumulative_grade_report_school_india/9.jpg,OK
India,en,transcript,school_record,cumulative grade report school India,https://i0.wp.com/msofficegeek.com/wp-content/uploads/2021/07/Cumulative-Progress-Report-WLH.jpg?w=799&ssl=1,/Users/yiweili/Documents/EZcommonapp/bing_images_india_student_dataset/india/transcript/cumulative_grade_report_school_india/10.jpg,OK
India,en,transcript,school_record,cumulative grade report school India,https://www.gradelink.com/wp-content/uploads/2019/02/annual-cumulative.png,/Users/yiweili/Documents/EZcommonapp/bing_images_india_student_dataset/india/transcript/cumulative_grade_report_school_india/11.png,OK
India,en,transcript,school_record,cumulative grade report school India,https://support.powerschool.com/help/sms/800/districtuser/Content/Resources/Images/cum_gpa_output.jpg,/Users/yiweili/Documents/EZcommonapp/bing_images_india_student_dataset/india/transcript/cumulative_grade_report_school_india/12.jpg,OK
India,en,transcript,school_record,cumulative grade report school India,https://www.psadigitalindia.com/images/psad/report_card_class6_8_b.jpg,/Users/yiweili/Documents/EZcommonapp/bing_images_india_student_dataset/india/transcript/cumulative_grade_report_school_india/13.jpg,OK
India,en,transcript,school_record,cumulative grade report school India,https://i1.wp.com/msofficegeek.com/wp-content/uploads/2021/07/Printable-Cumulative-Progress-Report.jpg?resize=768%2C575&ssl=1,/Users/yiweili/Documents/EZcommonapp/bing_images_india_student_dataset/india/transcript/cumulative_grade_report_school_india/14.jpg,OK
India,en,transcript,school_record,cumulative grade report school India,https://wenr.wes.org/wp-content/uploads/2012/05/Secondary-Grades-India-Graphic_09.jpg,/Users/yiweili/Documents/EZcommonapp/bing_images_india_student_dataset/india/transcript/cumulative_grade_report_school_india/15.jpg,OK
India,en,transcript,school_record,cumulative grade report school India,https://pray.gelorailmu.com/wp-content/uploads/2020/01/student-grade-report-template-report-card-template-29-intended-for-student-grade-report-template-2048x1124.png,/Users/yiweili/Documents/EZcommonapp/bing_images_india_student_dataset/india/transcript/cumulative_grade_report_school_india/16.png,OK
India,en,transcript,school_record,cumulative grade report school India,https://exceldatapro.com/wp-content/uploads/2019/09/Student-Comprehensive-Progress-Report-Excel-Template.jpg,/Users/yiweili/Documents/EZcommonapp/bing_images_india_student_dataset/india/transcript/cumulative_grade_report_school_india/17.jpg,OK
India,en,transcript,school_record,cumulative grade report school India,https://i.pinimg.com/originals/e2/f0/07/e2f00725922750bb5ac681a10aee21a3.jpg,/Users/yiweili/Documents/EZcommonapp/bing_images_india_student_dataset/india/transcript/cumulative_grade_report_school_india/18.jpg,OK
India,en,transcript,school_record,cumulative grade report school India,https://i.pinimg.com/736x/c7/fe/ee/c7feee352cad5da7d4491fc4ce4ab962.jpg,/Users/yiweili/Documents/EZcommonapp/bing_images_india_student_dataset/india/transcript/cumulative_grade_report_school_india/19.jpg,OK
India,en,transcript,school_record,cumulative grade report school India,https://commongoalsystems.zendesk.com/hc/article_attachments/360007083491/mceclip2.png,/Users/yiweili/Documents/EZcommonapp/bing_images_india_student_dataset/india/transcript/cumulative_grade_report_school_india/20.png,OK
India,en,transcript,school_record,cumulative grade report school India,https://lh7-us.googleusercontent.com/kShscCTS3puMzLeNVg04ykVePwhtjP6X-vV4Feza2AtaYQzA8pJxNLIkLr1Qki7n7ThzfdQNsvxA5Zwnn8I0cMiWp5G9ZUJAVVRV_4r7rRa10U92kei2Z-gI5IQuCjHNcfHjvt2sHKrXgcJB2aLG6QM,/Users/yiweili/Documents/EZcommonapp/bing_images_india_student_dataset/india/transcript/cumulative_grade_report_school_india/21.jpg,OK
India,en,transcript,school_record,cumulative grade report school India,https://support.myschooljamaica.com/hc/article_attachments/29149853585815,/Users/yiweili/Documents/EZcommonapp/bing_images_india_student_dataset/india/transcript/cumulative_grade_report_school_india/22.jpg,OK
India,en,transcript,school_record,cumulative grade report school India,https://i.pinimg.com/736x/36/7d/a6/367da66458e23499c7aea7a2b1388f0d.jpg,/Users/yiweili/Documents/EZcommonapp/bing_images_india_student_dataset/india/transcript/cumulative_grade_report_school_india/23.jpg,OK
India,en,transcript,school_record,cumulative grade report school India,https://slideplayer.com/slide/14087205/86/images/3/Cumulative+GPA:+Cumulative+GPA+is+the+GPA+you+ve+EARNED+for+ALL+your+grades%2C+ALL+of+the+four+years+of+high+school+(or+three+or+two+or+one%2C+depends+what+grade+your+in).+Each+year+adds+to+the+previous+year+to+determine+the+cumulative+GPA..jpg,/Users/yiweili/Documents/EZcommonapp/bing_images_india_student_dataset/india/transcript/cumulative_grade_report_school_india/24.jpg,OK
India,en,transcript,school_record,cumulative grade report school India,https://image.slidesharecdn.com/areportcardonindiaseducationsector-12852498407072-phpapp02/85/A-Report-Card-On-Indias-Education-Sector-2-320.jpg,/Users/yiweili/Documents/EZcommonapp/bing_images_india_student_dataset/india/transcript/cumulative_grade_report_school_india/25.jpg,OK
India,en,transcript,school_record,cumulative grade report school India,https://msofficegeek.com/wp-content/uploads/2021/07/Term-wise-Report-Card-LH-645x1024.jpg,/Users/yiweili/Documents/EZcommonapp/bing_images_india_student_dataset/india/transcript/cumulative_grade_report_school_india/26.jpg,OK
India,en,transcript,school_record,cumulative grade report school India,https://support.quickschools.com/hc/article_attachments/4417436865421/cumulative_gpa.png,/Users/yiweili/Documents/EZcommonapp/bing_images_india_student_dataset/india/transcript/cumulative_grade_report_school_india/27.png,OK
India,en,transcript,school_record,cumulative grade report school India,https://rpcvphilippines.org/wp-content/uploads/2025/09/Report-Card-9bb3987690a0bf6b19db55d0a18b61fa-pdf-202x300.jpg,/Users/yiweili/Documents/EZcommonapp/bing_images_india_student_dataset/india/transcript/cumulative_grade_report_school_india/28.jpg,OK
India,en,transcript,school_record,cumulative grade report school India,https://rpcvphilippines.org/wp-content/uploads/2025/09/g11-report-card_20250930_165238_0000-aaef54b4d5c4ade269b476758681289a-pdf-400x300.jpg,/Users/yiweili/Documents/EZcommonapp/bing_images_india_student_dataset/india/transcript/cumulative_grade_report_school_india/29.jpg,OK
India,en,transcript,school_record,cumulative grade report school India,https://rpcvphilippines.org/wp-content/uploads/2025/09/Progress_Report-1-7f845d0da081f981177c2edc5ac8d3fd-pdf-424x300.jpg,/Users/yiweili/Documents/EZcommonapp/bing_images_india_student_dataset/india/transcript/cumulative_grade_report_school_india/30.jpg,OK
India,en,transcript,school_record,cumulative grade report school India,"https://res.cloudinary.com/dodvhncty/images/f_auto,q_auto/v1709706728/digitalindian.com/ncert-school/ncert-school.webp?_i=AA",/Users/yiweili/Documents/EZcommonapp/bing_images_india_student_dataset/india/transcript/cumulative_grade_report_school_india/31.webp,OK
India,en,transcript,school_record,cumulative grade report school India,https://rpcvphilippines.org/wp-content/uploads/2025/07/GRADE-12-REPORT-CARD-ca2a261d56d5aa0edef252d2271ee821-pdf-232x300.jpg,/Users/yiweili/Documents/EZcommonapp/bing_images_india_student_dataset/india/transcript/cumulative_grade_report_school_india/32.jpg,OK
India,en,transcript,school_record,cumulative grade report school India,https://th-i.thgim.com/public/latest-news/l84yuf/article67058615.ece/alternates/FREE_1200/EducationGrades.JPG,/Users/yiweili/Documents/EZcommonapp/bing_images_india_student_dataset/india/transcript/cumulative_grade_report_school_india/33.jpg,OK
India,en,transcript,school_record,cumulative grade report school India,https://i.ytimg.com/vi/7N4ZNrN-qzA/oar2.jpg?sqp=-oaymwEkCJUDENAFSFqQAgHyq4qpAxMIARUAAAAAJQAAyEI9AICiQ3gB&rs=AOn4CLCEG_dmnj1eSBmb0Zq2NxXQZf_B8w,/Users/yiweili/Documents/EZcommonapp/bing_images_india_student_dataset/india/transcript/cumulative_grade_report_school_india/34.jpg,OK
India,en,transcript,school_record,cumulative grade report school India,http://1.bp.blogspot.com/-wDfo34bnI0g/VBG3VqE-1LI/AAAAAAAAAEQ/THWNkWwENSE/s1600/School%2BReport%2BCards.png,/Users/yiweili/Documents/EZcommonapp/bing_images_india_student_dataset/india/transcript/cumulative_grade_report_school_india/35.png,OK
India,en,transcript,school_record,cumulative grade report school India,https://msofficegeek.com/wp-content/uploads/2021/07/Cumulative-Progress-Report-LH.jpg,/Users/yiweili/Documents/EZcommonapp/bing_images_india_student_dataset/india/transcript/cumulative_grade_report_school_india/36.jpg,OK
India,en,transcript,school_record,cumulative grade report school India,https://i.ytimg.com/vi/090jzM3fknk/hqdefault.jpg,/Users/yiweili/Documents/EZcommonapp/bing_images_india_student_dataset/india/transcript/cumulative_grade_report_school_india/37.jpg,OK
India,en,transcript,school_record,cumulative grade report school India,https://educloud.app/lms/img/exam/Predicted_Grade_Report.jpg,/Users/yiweili/Documents/EZcommonapp/bing_images_india_student_dataset/india/transcript/cumulative_grade_report_school_india/38.jpg,OK
India,en,transcript,school_record,cumulative grade report school India,https://i0.wp.com/msofficegeek.com/wp-content/uploads/2021/07/Printable-Cumulative-Progress-Report.jpg?resize=1200%2C898&ssl=1,/Users/yiweili/Documents/EZcommonapp/bing_images_india_student_dataset/india/transcript/cumulative_grade_report_school_india/39.jpg,OK
India,en,transcript,school_record,cumulative grade report school India,https://image.slidesdocs.com/responsive-images/sheets/final-grade-report-for-students-excel-template_5f63574fad__mid.jpg,/Users/yiweili/Documents/EZcommonapp/bing_images_india_student_dataset/india/transcript/cumulative_grade_report_school_india/40.jpg,OK
India,en,transcript,school_record,cumulative grade report school India,https://slideplayer.com/slide/15687381/88/images/17/CUMULATIVE+GRADE+POINT+AVERAGE+(CGPA).jpg,,HTTP_404
India,en,transcript,school_record,cumulative grade report school India,https://image.slidesdocs.com/responsive-images/sheets/students-school-report-card-excel-template_636e43cfda__max.jpg,/Users/yiweili/Documents/EZcommonapp/bing_images_india_student_dataset/india/transcript/cumulative_grade_report_school_india/41.jpg,OK
India,en,transcript,school_record,cumulative grade report school India,https://www.reportsexcel.com/wp-content/uploads/2022/05/school-report-template-655896302.jpg,/Users/yiweili/Documents/EZcommonapp/bing_images_india_student_dataset/india/transcript/cumulative_grade_report_school_india/42.jpg,OK
India,en,transcript,school_record,cumulative grade report school India,https://wenr.wes.org/wp-content/uploads/2012/05/Secondary-Grades-India-Graphic_03.jpg,/Users/yiweili/Documents/EZcommonapp/bing_images_india_student_dataset/india/transcript/cumulative_grade_report_school_india/43.jpg,OK
India,en,transcript,school_record,cumulative grade report school India,http://www.samplestemplates.org/wp-content/uploads/2015/05/school-Report-Template-image-.png,/Users/yiweili/Documents/EZcommonapp/bing_images_india_student_dataset/india/transcript/cumulative_grade_report_school_india/44.png,OK
India,en,transcript,school_record,cumulative grade report school India,https://i.pinimg.com/originals/fe/e1/03/fee103d7c73634bea04179b2e8d58303.png,/Users/yiweili/Documents/EZcommonapp/bing_images_india_student_dataset/india/transcript/cumulative_grade_report_school_india/45.png,OK
India,en,transcript,school_record,cumulative grade report school India,https://d33v4339jhl8k0.cloudfront.net/docs/assets/54ea1881e4b086c0c0968988/images/586bfe2dc697915403a09590/file-G1MMVbKmvQ.png,/Users/yiweili/Documents/EZcommonapp/bing_images_india_student_dataset/india/transcript/cumulative_grade_report_school_india/46.png,OK
India,en,transcript,school_record,cumulative grade report school India,https://image.slidesharecdn.com/ccereportcardwithupscaling-100604043516-phpapp02/85/CBSE-CCE-Report-Card-With-Upscaling-4-320.jpg,/Users/yiweili/Documents/EZcommonapp/bing_images_india_student_dataset/india/transcript/cumulative_grade_report_school_india/47.jpg,OK
India,en,transcript,school_record,cumulative grade report school India,https://i.pinimg.com/originals/70/49/b9/7049b9456bd8b4cb368fdaa8e8cacf09.jpg,/Users/yiweili/Documents/EZcommonapp/bing_images_india_student_dataset/india/transcript/cumulative_grade_report_school_india/48.jpg,OK
India,en,transcript,school_record,cumulative grade report school India,http://webguru.com.ng/school-software-images/primary-nursery-seconday-school-results-broadsheet-reportcard-cumulative-results-onisha.png,/Users/yiweili/Documents/EZcommonapp/bing_images_india_student_dataset/india/transcript/cumulative_grade_report_school_india/49.png,OK
India,en,transcript,school_record,cumulative grade report school India,https://rpcvphilippines.org/wp-content/uploads/2025/07/School-Card-41d9262503a90a2e60a0b03691a1ce91-pdf-232x300.jpg,/Users/yiweili/Documents/EZcommonapp/bing_images_india_student_dataset/india/transcript/cumulative_grade_report_school_india/50.jpg,OK
India,en,transcript,school_record,cumulative grade report school India,https://rpcvphilippines.org/wp-content/uploads/2025/08/REPORT-CARD_MAGAT-Beamie-Pilapil-a7f67881adce93f20177e45dd7e37d44-pdf-212x300.jpg,/Users/yiweili/Documents/EZcommonapp/bing_images_india_student_dataset/india/transcript/cumulative_grade_report_school_india/51.jpg,OK
India,en,transcript,school_record,cumulative grade report school India,https://rpcvphilippines.org/wp-content/uploads/2025/09/Senior-High-School-Report-Card-Form-138-9c311625c041779892619a2c92a5695c-pdf-232x300.jpg,/Users/yiweili/Documents/EZcommonapp/bing_images_india_student_dataset/india/transcript/cumulative_grade_report_school_india/52.jpg,OK
India,en,transcript,school_record,cumulative grade report school India,https://rpcvphilippines.org/wp-content/uploads/2025/07/GRADE-11-12-REPORT-CARD_CARREON-10e9b2fbf8cb8b81c198075202a73895-pdf-232x300.jpg,/Users/yiweili/Documents/EZcommonapp/bing_images_india_student_dataset/india/transcript/cumulative_grade_report_school_india/53.jpg,OK
India,en,transcript,school_record,cumulative grade report school India,https://rpcvphilippines.org/wp-content/uploads/2025/06/Grade-11-and-Grade-12-Report-Card-2c061ff8f5b4fa5515253068a84f5eed-pdf-232x300.jpg,/Users/yiweili/Documents/EZcommonapp/bing_images_india_student_dataset/india/transcript/cumulative_grade_report_school_india/54.jpg,OK
India,en,transcript,school_record,cumulative grade report school India,https://rpcvphilippines.org/wp-content/uploads/2025/09/Mondares_G12_Report_Card-50fef1259c5e68ac6a623f2bc2a7a57e-pdf-212x300.jpg,/Users/yiweili/Documents/EZcommonapp/bing_images_india_student_dataset/india/transcript/cumulative_grade_report_school_india/55.jpg,OK
India,en,transcript,school_record,cumulative grade report school India,https://rpcvphilippines.org/wp-content/uploads/2025/06/REPORT-CARD_LUGSANAY-122c343a037591d25628e7c2669035be-pdf-232x300.jpg,/Users/yiweili/Documents/EZcommonapp/bing_images_india_student_dataset/india/transcript/cumulative_grade_report_school_india/56.jpg,OK
India,en,transcript,school_record,cumulative grade report school India,https://i.pinimg.com/736x/59/d5/4a/59d54a7bb22b2856a8963e44bf297044.jpg,/Users/yiweili/Documents/EZcommonapp/bing_images_india_student_dataset/india/transcript/cumulative_grade_report_school_india/57.jpg,OK
India,en,transcript,school_record,cumulative grade report school India,https://rpcvphilippines.org/wp-content/uploads/2025/07/Duly-certified-true-copy-of-Senior-High-School-Report-Cards-for-7db37ddbc082c94eaacd7fba2492c49f-pdf-182x300.jpg,/Users/yiweili/Documents/EZcommonapp/bing_images_india_student_dataset/india/transcript/cumulative_grade_report_school_india/58.jpg,OK
India,en,transcript,school_record,cumulative grade report school India,https://rpcvphilippines.org/wp-content/uploads/2025/09/Arol-Pepito-Grade-12-Report-Cards-1a524ef76cb0d5bd1295485f3399c646-pdf-212x300.jpg,/Users/yiweili/Documents/EZcommonapp/bing_images_india_student_dataset/india/transcript/cumulative_grade_report_school_india/59.jpg,OK
India,en,transcript,school_record,progress report card CBSE school India,https://cloudflare.itsnudimension.com/wp-content/uploads/2020/03/cbse-report-card-format-for-primary-classes-i-to-v-inside-educational-progress-report-template.jpg,/Users/yiweili/Documents/EZcommonapp/bing_images_india_student_dataset/india/transcript/progress_report_card_cbse_school_india/0.jpg,OK
India,en,transcript,school_record,progress report card CBSE school India,https://psadigitalindia.com/images/psad/hpc-page-1.jpg,/Users/yiweili/Documents/EZcommonapp/bing_images_india_student_dataset/india/transcript/progress_report_card_cbse_school_india/1.jpg,OK
India,en,transcript,school_record,progress report card CBSE school India,https://i.pinimg.com/originals/42/90/11/429011382a3b2cfe1644851e6f50cfc2.jpg,/Users/yiweili/Documents/EZcommonapp/bing_images_india_student_dataset/india/transcript/progress_report_card_cbse_school_india/2.jpg,OK
India,en,transcript,school_record,progress report card CBSE school India,https://assets.telegraphindia.com/telegraph/2024/Jun/1718699149_untitled-design-9.jpg,/Users/yiweili/Documents/EZcommonapp/bing_images_india_student_dataset/india/transcript/progress_report_card_cbse_school_india/3.jpg,OK
India,en,transcript,school_record,progress report card CBSE school India,https://myschoolerp.com/offline-modules-img/Exam/progress-report.jpg,/Users/yiweili/Documents/EZcommonapp/bing_images_india_student_dataset/india/transcript/progress_report_card_cbse_school_india/4.jpg,OK
India,en,transcript,school_record,progress report card CBSE school India,https://subkuz.com/uploads/news/2025/11/sub17619761391628.webp,/Users/yiweili/Documents/EZcommonapp/bing_images_india_student_dataset/india/transcript/progress_report_card_cbse_school_india/5.webp,OK
India,en,transcript,school_record,progress report card CBSE school India,https://www.psadigitalindia.com/images/psad/r_backside_class9_s.png,/Users/yiweili/Documents/EZcommonapp/bing_images_india_student_dataset/india/transcript/progress_report_card_cbse_school_india/6.png,OK
India,en,transcript,school_record,progress report card CBSE school India,https://drvinesh.com/wp-content/uploads/2025/02/Student-Progress-Report-Card-Template-drvinesh-Portrait-723x1024.jpg,/Users/yiweili/Documents/EZcommonapp/bing_images_india_student_dataset/india/transcript/progress_report_card_cbse_school_india/7.jpg,OK
India,en,transcript,school_record,progress report card CBSE school India,https://www.sarmang.com/cce/cce_report_format_session_2011-2012.png,/Users/yiweili/Documents/EZcommonapp/bing_images_india_student_dataset/india/transcript/progress_report_card_cbse_school_india/8.png,OK
India,en,transcript,school_record,progress report card CBSE school India,https://i.pinimg.com/736x/d9/63/12/d9631269d64595ae1a62fb093aad7c2c.jpg,/Users/yiweili/Documents/EZcommonapp/bing_images_india_student_dataset/india/transcript/progress_report_card_cbse_school_india/9.jpg,OK
India,en,transcript,school_record,progress report card CBSE school India,https://studyreach.in/wp-content/uploads/2025/07/hpc1.webp,/Users/yiweili/Documents/EZcommonapp/bing_images_india_student_dataset/india/transcript/progress_report_card_cbse_school_india/10.webp,OK
India,en,transcript,school_record,progress report card CBSE school India,https://cdnimages.myclassboard.com/mcbhelp/gradebook/reports-setup-cbse-progress-report-card-stage-6-step-1.png,/Users/yiweili/Documents/EZcommonapp/bing_images_india_student_dataset/india/transcript/progress_report_card_cbse_school_india/11.png,OK
India,en,transcript,school_record,progress report card CBSE school India,https://i.pinimg.com/originals/13/71/b9/1371b9b0eeaa13ba7c6201c85ce0ecde.jpg,/Users/yiweili/Documents/EZcommonapp/bing_images_india_student_dataset/india/transcript/progress_report_card_cbse_school_india/12.jpg,OK
India,en,transcript,school_record,progress report card CBSE school India,https://cdnimages.myclassboard.com/mcbhelp/gradebook/reports-setup-cbse-progress-report-card-evalluation-reports-step-1.png,/Users/yiweili/Documents/EZcommonapp/bing_images_india_student_dataset/india/transcript/progress_report_card_cbse_school_india/13.png,OK
India,en,transcript,school_record,progress report card CBSE school India,https://imgv2-1-f.scribdassets.com/img/document/460315050/original/621c9d4a5a/1711011423?v=1,/Users/yiweili/Documents/EZcommonapp/bing_images_india_student_dataset/india/transcript/progress_report_card_cbse_school_india/14.jpg,OK
India,en,transcript,school_record,progress report card CBSE school India,https://kgagraphics.com/wp-content/uploads/2025/04/Progress-Report-Card-1024x1024.jpg,/Users/yiweili/Documents/EZcommonapp/bing_images_india_student_dataset/india/transcript/progress_report_card_cbse_school_india/15.jpg,OK
India,en,transcript,school_record,progress report card CBSE school India,https://cdnimages.myclassboard.com/mcbhelp/gradebook/reports-setup-cbse-progress-report-card-stage-11-step-3.png,/Users/yiweili/Documents/EZcommonapp/bing_images_india_student_dataset/india/transcript/progress_report_card_cbse_school_india/16.png,OK
India,en,transcript,school_record,progress report card CBSE school India,https://imgv2-2-f.scribdassets.com/img/document/540558556/original/aeb4ba7987/1707772711?v=1,/Users/yiweili/Documents/EZcommonapp/bing_images_india_student_dataset/india/transcript/progress_report_card_cbse_school_india/17.jpg,OK
India,en,transcript,school_record,progress report card CBSE school India,https://image.slidesharecdn.com/holisticreportcardforschools-231031021003-d5f18545/85/Holistic-Report-Card-for-schools-pdf-27-638.jpg,/Users/yiweili/Documents/EZcommonapp/bing_images_india_student_dataset/india/transcript/progress_report_card_cbse_school_india/18.jpg,OK
India,en,transcript,school_record,progress report card CBSE school India,https://cdnimages.myclassboard.com/mcbhelp/gradebook/reports-setup-cbse-progress-report-card-stage-9-step-2.png,/Users/yiweili/Documents/EZcommonapp/bing_images_india_student_dataset/india/transcript/progress_report_card_cbse_school_india/19.png,OK
India,en,transcript,school_record,progress report card CBSE school India,https://cdnimages.myclassboard.com/mcbhelp/gradebook/reports-setup-cbse-progress-report-card-stage-7-step-3.png,/Users/yiweili/Documents/EZcommonapp/bing_images_india_student_dataset/india/transcript/progress_report_card_cbse_school_india/20.png,OK
India,en,transcript,school_record,progress report card CBSE school India,https://cdnimages.myclassboard.com/mcbhelp/gradebook/reports-setup-cbse-progress-report-card-change-access-level-step-2.png,/Users/yiweili/Documents/EZcommonapp/bing_images_india_student_dataset/india/transcript/progress_report_card_cbse_school_india/21.png,OK
India,en,transcript,school_record,progress report card CBSE school India,https://imgv2-1-f.scribdassets.com/img/document/797938906/original/ac1ffe1231/1?v=1,/Users/yiweili/Documents/EZcommonapp/bing_images_india_student_dataset/india/transcript/progress_report_card_cbse_school_india/22.jpg,OK
India,en,transcript,school_record,progress report card CBSE school India,https://fizara.com/wp-content/uploads/2024/04/Screenshot_2024-04-02-16-27-16-900_com.google.android.apps_.docs_.editors.docs_.png,/Users/yiweili/Documents/EZcommonapp/bing_images_india_student_dataset/india/transcript/progress_report_card_cbse_school_india/23.png,OK
India,en,transcript,school_record,progress report card CBSE school India,https://5.imimg.com/data5/SELLER/Default/2020/11/DT/DF/HU/53602116/progress-card-report-500x500.jpg,/Users/yiweili/Documents/EZcommonapp/bing_images_india_student_dataset/india/transcript/progress_report_card_cbse_school_india/24.jpg,OK
India,en,transcript,school_record,progress report card CBSE school India,https://5.imimg.com/data5/SELLER/Default/2022/11/IS/UV/GH/100925419/kidplay-school-progress-report-500x500.jpg,/Users/yiweili/Documents/EZcommonapp/bing_images_india_student_dataset/india/transcript/progress_report_card_cbse_school_india/25.jpg,OK
India,en,transcript,school_record,progress report card CBSE school India,https://i.pinimg.com/736x/59/d5/4a/59d54a7bb22b2856a8963e44bf297044.jpg,/Users/yiweili/Documents/EZcommonapp/bing_images_india_student_dataset/india/transcript/progress_report_card_cbse_school_india/26.jpg,OK
India,en,transcript,school_record,progress report card CBSE school India,https://drvinesh.com/wp-content/uploads/2025/02/Student-Progress-Report-Card-Template-drvinesh-Portrait-1084x1536.jpg,/Users/yiweili/Documents/EZcommonapp/bing_images_india_student_dataset/india/transcript/progress_report_card_cbse_school_india/27.jpg,OK
India,en,transcript,school_record,progress report card CBSE school India,https://5.imimg.com/data5/SELLER/Default/2022/12/ZM/CN/SC/65868190/report-card-1000x1000.jpg,/Users/yiweili/Documents/EZcommonapp/bing_images_india_student_dataset/india/transcript/progress_report_card_cbse_school_india/28.jpg,OK
India,en,transcript,school_record,progress report card CBSE school India,https://images.template.net/wp-content/uploads/2015/09/05225637/Student-Progress-Report-Card-Template.jpg,/Users/yiweili/Documents/EZcommonapp/bing_images_india_student_dataset/india/transcript/progress_report_card_cbse_school_india/29.jpg,OK
India,en,transcript,school_record,progress report card CBSE school India,https://imgv2-1-f.scribdassets.com/img/document/501784293/original/1c339efb70/1676321136?v=1,/Users/yiweili/Documents/EZcommonapp/bing_images_india_student_dataset/india/transcript/progress_report_card_cbse_school_india/30.jpg,OK
India,en,transcript,school_record,progress report card CBSE school India,https://marketplace.canva.com/EAFy03uAv44/1/0/1131w/canva-blue-and-pink-hand-drawn-illustrative-student-report-card-btNPtxEqHj8.jpg,/Users/yiweili/Documents/EZcommonapp/bing_images_india_student_dataset/india/transcript/progress_report_card_cbse_school_india/31.jpg,OK
India,en,transcript,school_record,progress report card CBSE school India,https://images.template.net/24927/Student-Progress-Report-Card-1.jpg,/Users/yiweili/Documents/EZcommonapp/bing_images_india_student_dataset/india/transcript/progress_report_card_cbse_school_india/32.jpg,OK
India,en,transcript,school_record,progress report card CBSE school India,https://trbahadurpur.com/wp-content/uploads/2023/01/school-progress-report-annual-result-card-cdr-design-1.jpg,/Users/yiweili/Documents/EZcommonapp/bing_images_india_student_dataset/india/transcript/progress_report_card_cbse_school_india/33.jpg,OK
India,en,transcript,school_record,progress report card CBSE school India,https://www.psadigitalindia.com/images/psad/r_frontside_class6_8.png,/Users/yiweili/Documents/EZcommonapp/bing_images_india_student_dataset/india/transcript/progress_report_card_cbse_school_india/34.png,OK
India,en,transcript,school_record,progress report card CBSE school India,https://psadigitalindia.com/images/psad/report_card_class11_b_20.jpg,/Users/yiweili/Documents/EZcommonapp/bing_images_india_student_dataset/india/transcript/progress_report_card_cbse_school_india/35.jpg,OK
India,en,transcript,school_record,progress report card CBSE school India,https://i.pinimg.com/originals/84/12/b1/8412b1b87abe509df472accce21b9e0e.jpg,/Users/yiweili/Documents/EZcommonapp/bing_images_india_student_dataset/india/transcript/progress_report_card_cbse_school_india/36.jpg,OK
India,en,transcript,school_record,progress report card CBSE school India,https://edit.org/photos/img/blog/igs-template-report-card-school-free-download.jpg-840.jpg,/Users/yiweili/Documents/EZcommonapp/bing_images_india_student_dataset/india/transcript/progress_report_card_cbse_school_india/37.jpg,OK
India,en,transcript,school_record,progress report card CBSE school India,https://www.psadigitalindia.com/images/psad/report_card_class11_s.jpg,/Users/yiweili/Documents/EZcommonapp/bing_images_india_student_dataset/india/transcript/progress_report_card_cbse_school_india/38.jpg,OK
India,en,transcript,school_record,progress report card CBSE school India,https://cdnimages.myclassboard.com/mcbhelp/gradebook/reports-setup-cbse-progress-report-card-stage-5-step-1.png,/Users/yiweili/Documents/EZcommonapp/bing_images_india_student_dataset/india/transcript/progress_report_card_cbse_school_india/39.png,OK
India,en,transcript,school_record,progress report card CBSE school India,https://i.pinimg.com/originals/e9/cb/14/e9cb1407e07f14a9c8ce60e7a9e61f72.jpg,/Users/yiweili/Documents/EZcommonapp/bing_images_india_student_dataset/india/transcript/progress_report_card_cbse_school_india/40.jpg,OK
India,en,transcript,school_record,progress report card CBSE school India,https://imgv2-1-f.scribdassets.com/img/document/716919017/original/6745f83de5/1711544915?v=1,/Users/yiweili/Documents/EZcommonapp/bing_images_india_student_dataset/india/transcript/progress_report_card_cbse_school_india/41.jpg,OK
India,en,transcript,school_record,progress report card CBSE school India,https://cdnimages.myclassboard.com/mcbhelp/gradebook/reports-setup-cbse-progress-report-card-stage-4-step-4.png,/Users/yiweili/Documents/EZcommonapp/bing_images_india_student_dataset/india/transcript/progress_report_card_cbse_school_india/42.png,OK
India,en,transcript,school_record,progress report card CBSE school India,https://cdnimages.myclassboard.com/mcbhelp/gradebook/reports-setup-cbse-progress-report-card-stage-3-step-5.png,/Users/yiweili/Documents/EZcommonapp/bing_images_india_student_dataset/india/transcript/progress_report_card_cbse_school_india/43.png,OK
India,en,transcript,school_record,progress report card CBSE school India,https://i.pinimg.com/originals/43/71/02/43710270471c153a7b65e9e5d09106a0.png,/Users/yiweili/Documents/EZcommonapp/bing_images_india_student_dataset/india/transcript/progress_report_card_cbse_school_india/44.png,OK
India,en,transcript,school_record,progress report card CBSE school India,https://cdnimages.myclassboard.com/mcbhelp/gradebook/reports-setup-cbse-progress-report-card-stage-10-step-4.png,,ERR_HTTPSConnectionPool(host='cdnimages.mycl
India,en,transcript,school_record,progress report card CBSE school India,https://webcaresolutionz.com/images/wcs/r_frontside_class9.png,/Users/yiweili/Documents/EZcommonapp/bing_images_india_student_dataset/india/transcript/progress_report_card_cbse_school_india/45.png,OK
India,en,transcript,school_record,progress report card CBSE school India,https://i.ytimg.com/vi/n7EEUYXzblc/maxresdefault.jpg,/Users/yiweili/Documents/EZcommonapp/bing_images_india_student_dataset/india/transcript/progress_report_card_cbse_school_india/46.jpg,OK
India,en,transcript,school_record,progress report card CBSE school India,https://cdnimages.myclassboard.com/mcbhelp/gradebook/reports-setup-cbse-progress-report-card-stage-5-step-3.png,/Users/yiweili/Documents/EZcommonapp/bing_images_india_student_dataset/india/transcript/progress_report_card_cbse_school_india/47.png,OK
India,en,transcript,school_record,progress report card CBSE school India,https://cdnimages.myclassboard.com/mcbhelp/gradebook/reports-setup-cbse-progress-report-card-stage-6-step-3.png,/Users/yiweili/Documents/EZcommonapp/bing_images_india_student_dataset/india/transcript/progress_report_card_cbse_school_india/48.png,OK
India,en,transcript,school_record,progress report card CBSE school India,https://studyreach.in/wp-content/uploads/2025/07/Study-to-Learn-1536x878.jpeg,/Users/yiweili/Documents/EZcommonapp/bing_images_india_student_dataset/india/transcript/progress_report_card_cbse_school_india/49.jpeg,OK
India,en,transcript,school_record,progress report card CBSE school India,https://i.pinimg.com/736x/d6/4b/e6/d64be6d6c0ac1a9459b033e2eb5d842b.jpg,/Users/yiweili/Documents/EZcommonapp/bing_images_india_student_dataset/india/transcript/progress_report_card_cbse_school_india/50.jpg,OK
India,en,transcript,school_record,progress report card CBSE school India,https://cdnimages.myclassboard.com/mcbhelp/gradebook/reports-setup-cbse-progress-report-card-stage-12-step-5.png,/Users/yiweili/Documents/EZcommonapp/bing_images_india_student_dataset/india/transcript/progress_report_card_cbse_school_india/51.png,OK
India,en,transcript,school_record,progress report card CBSE school India,https://cdnimages.myclassboard.com/mcbhelp/gradebook/reports-setup-cbse-progress-report-card-stage-13-step-2.png,/Users/yiweili/Documents/EZcommonapp/bing_images_india_student_dataset/india/transcript/progress_report_card_cbse_school_india/52.png,OK
India,en,transcript,school_record,progress report card CBSE school India,https://i.ytimg.com/vi/zCIczGS2JQk/maxresdefault.jpg,/Users/yiweili/Documents/EZcommonapp/bing_images_india_student_dataset/india/transcript/progress_report_card_cbse_school_india/53.jpg,OK
India,en,transcript,school_record,progress report card CBSE school India,https://cdnimages.myclassboard.com/mcbhelp/gradebook/reports-setup-cbse-progress-report-card-stage-12-step-8.png,/Users/yiweili/Documents/EZcommonapp/bing_images_india_student_dataset/india/transcript/progress_report_card_cbse_school_india/54.png,OK
India,en,transcript,school_record,progress report card CBSE school India,https://vinayakgoel.com/images/report-cards/class-7/1.jpg,/Users/yiweili/Documents/EZcommonapp/bing_images_india_student_dataset/india/transcript/progress_report_card_cbse_school_india/55.jpg,OK
India,en,transcript,school_record,progress report card CBSE school India,https://cdnimages.myclassboard.com/mcbhelp/gradebook/reports-setup-cbse-progress-report-card-stage-7-step-4.png,/Users/yiweili/Documents/EZcommonapp/bing_images_india_student_dataset/india/transcript/progress_report_card_cbse_school_india/56.png,OK
India,en,transcript,school_record,progress report card CBSE school India,https://blogger.googleusercontent.com/img/b/R29vZ2xl/AVvXsEjb26mro6WiaHaaUK0EcERxkTxo4gZgW3IyY5YuONclB6V-xCx7IU5aycJ1ai87NksjW8AxHET7kVvVG2fIzJxaj6lPTsrp4bL_2lw2K5IQcueb3qWVpt1bvpEJqwfvhwuA3wGN9qe0FXk4W2TOpG-mTFXY90DXW7JFcmJNWtF-85n5CQUneZLiZGGOCA/w0/_www.smartguruji.in  .pptx (82).jpg,/Users/yiweili/Documents/EZcommonapp/bing_images_india_student_dataset/india/transcript/progress_report_card_cbse_school_india/57.jpg,OK
India,en,transcript,school_record,progress report card CBSE school India,https://sarmang.com/cce/img/progress_report.jpg,/Users/yiweili/Documents/EZcommonapp/bing_images_india_student_dataset/india/transcript/progress_report_card_cbse_school_india/58.jpg,OK
India,en,transcript,school_record,progress report card CBSE school India,https://studyreach.in/wp-content/uploads/2025/07/Study-to-Learn-2048x1170.jpeg,/Users/yiweili/Documents/EZcommonapp/bing_images_india_student_dataset/india/transcript/progress_report_card_cbse_school_india/59.jpeg,OK
India,en,transcript,school_record,academic transcript senior secondary India,https://imgv2-2-f.scribdassets.com/img/document/638893041/original/3471062587/1681875252?v=1,/Users/yiweili/Documents/EZcommonapp/bing_images_india_student_dataset/india/transcript/academic_transcript_senior_secondary_india/0.jpg,OK
India,en,transcript,school_record,academic transcript senior secondary India,http://mailtranscripts.com/Images/UniversitySamples/BangaloreUniversityTranscripts_1.jpg,/Users/yiweili/Documents/EZcommonapp/bing_images_india_student_dataset/india/transcript/academic_transcript_senior_secondary_india/1.jpg,OK
India,en,transcript,school_record,academic transcript senior secondary India,https://onedaydiplomas.com/cdn/shop/products/high-school-transcript_1080x.jpg?v=1619905784,/Users/yiweili/Documents/EZcommonapp/bing_images_india_student_dataset/india/transcript/academic_transcript_senior_secondary_india/2.jpg,OK
India,en,transcript,school_record,academic transcript senior secondary India,https://admissions.tc.umn.edu/sites/admissions.tc.umn.edu/files/inline-images/Taiwan_Transcript.gif,/Users/yiweili/Documents/EZcommonapp/bing_images_india_student_dataset/india/transcript/academic_transcript_senior_secondary_india/3.jpg,OK
India,en,transcript,school_record,academic transcript senior secondary India,https://imgv2-1-f.scribdassets.com/img/document/442985897/original/13f103dec6/1683127296?v=1,/Users/yiweili/Documents/EZcommonapp/bing_images_india_student_dataset/india/transcript/academic_transcript_senior_secondary_india/4.jpg,OK
India,en,transcript,school_record,academic transcript senior secondary India,https://cmsv2-assets.apptegy.net/uploads/9735/file/908135/00e0a362-db50-461c-8ea3-c3a942fb9616.png,/Users/yiweili/Documents/EZcommonapp/bing_images_india_student_dataset/india/transcript/academic_transcript_senior_secondary_india/5.png,OK
India,en,transcript,school_record,academic transcript senior secondary India,https://i.etsystatic.com/58877780/r/il/b495a4/6847410618/il_794xN.6847410618_qcox.jpg,/Users/yiweili/Documents/EZcommonapp/bing_images_india_student_dataset/india/transcript/academic_transcript_senior_secondary_india/6.jpg,OK
India,en,transcript,school_record,academic transcript senior secondary India,https://i.etsystatic.com/36161774/r/il/5d5d60/4133690025/il_1588xN.4133690025_96t6.jpg,/Users/yiweili/Documents/EZcommonapp/bing_images_india_student_dataset/india/transcript/academic_transcript_senior_secondary_india/7.jpg,OK
India,en,transcript,school_record,academic transcript senior secondary India,https://www.24hourtranslation.com/wp-content/uploads/2010/04/collegetranscript-translation1.jpg,/Users/yiweili/Documents/EZcommonapp/bing_images_india_student_dataset/india/transcript/academic_transcript_senior_secondary_india/8.jpg,OK
India,en,transcript,school_record,academic transcript senior secondary India,https://i.etsystatic.com/36161774/r/il/5d5d60/4133690025/il_1140xN.4133690025_96t6.jpg,/Users/yiweili/Documents/EZcommonapp/bing_images_india_student_dataset/india/transcript/academic_transcript_senior_secondary_india/9.jpg,OK
India,en,transcript,school_record,academic transcript senior secondary India,https://i.pinimg.com/originals/01/5a/fd/015afd2deb9649d324caddf06647af87.png,/Users/yiweili/Documents/EZcommonapp/bing_images_india_student_dataset/india/transcript/academic_transcript_senior_secondary_india/10.png,OK
India,en,transcript,school_record,academic transcript senior secondary India,https://e7.pngegg.com/pngimages/438/509/png-clipart-national-secondary-school-grading-in-education-transcript-student-school-template-angle.png,,ERR_HTTPSConnectionPool(host='e7.pngegg.com'
India,en,transcript,school_record,academic transcript senior secondary India,https://s3.amazonaws.com/cdn.freshdesk.com/data/helpdesk/attachments/production/14051826105/original/uy2QJfWF7gc_oInKvGMP0lmu-cvAVlbZMw.png?1565394207,/Users/yiweili/Documents/EZcommonapp/bing_images_india_student_dataset/india/transcript/academic_transcript_senior_secondary_india/11.png,OK
India,en,transcript,school_record,academic transcript senior secondary India,https://image.slidesharecdn.com/340596fe-5007-41e0-807b-24d3f8a88ba5-160515122622/95/high-school-transcript-1-638.jpg?cb=1463315198,/Users/yiweili/Documents/EZcommonapp/bing_images_india_student_dataset/india/transcript/academic_transcript_senior_secondary_india/12.jpg,OK
India,en,transcript,school_record,academic transcript senior secondary India,https://imgv2-2-f.scribdassets.com/img/document/819262972/original/67595e9c47/1?v=1,/Users/yiweili/Documents/EZcommonapp/bing_images_india_student_dataset/india/transcript/academic_transcript_senior_secondary_india/13.jpg,OK
India,en,transcript,school_record,academic transcript senior secondary India,https://image.slidesharecdn.com/scan0009-160120194220/95/high-school-transcript-1-1024.jpg?cb=1453319247,/Users/yiweili/Documents/EZcommonapp/bing_images_india_student_dataset/india/transcript/academic_transcript_senior_secondary_india/14.jpg,OK
India,en,transcript,school_record,academic transcript senior secondary India,http://mailtranscripts.com/Images/UniversitySamples/IDOLTranscripts_2.jpg,/Users/yiweili/Documents/EZcommonapp/bing_images_india_student_dataset/india/transcript/academic_transcript_senior_secondary_india/15.jpg,OK
India,en,transcript,school_record,academic transcript senior secondary India,https://static.dexform.com/media/docs/7937/official-high-school-transcript-form_1.png,/Users/yiweili/Documents/EZcommonapp/bing_images_india_student_dataset/india/transcript/academic_transcript_senior_secondary_india/16.png,OK
India,en,transcript,school_record,academic transcript senior secondary India,https://d20ohkaloyme4g.cloudfront.net/img/document_thumbnails/7c2920da5ef21957fadd187c2ad7305c/thumb_1200_1553.png,/Users/yiweili/Documents/EZcommonapp/bing_images_india_student_dataset/india/transcript/academic_transcript_senior_secondary_india/17.png,OK
India,en,transcript,school_record,academic transcript senior secondary India,https://i.etsystatic.com/15749083/r/il/994ad7/4929966425/il_1588xN.4929966425_a19a.jpg,/Users/yiweili/Documents/EZcommonapp/bing_images_india_student_dataset/india/transcript/academic_transcript_senior_secondary_india/18.jpg,OK
India,en,transcript,school_record,academic transcript senior secondary India,https://drkategreen.com/wp-content/uploads/edd/2019/12/Screen-Shot-2019-12-31-at-10.09.58-AM-787x1024.png,/Users/yiweili/Documents/EZcommonapp/bing_images_india_student_dataset/india/transcript/academic_transcript_senior_secondary_india/19.png,OK
India,en,transcript,school_record,academic transcript senior secondary India,https://imgv2-1-f.scribdassets.com/img/document/756171340/original/a32d38e62c/1?v=1,/Users/yiweili/Documents/EZcommonapp/bing_images_india_student_dataset/india/transcript/academic_transcript_senior_secondary_india/20.jpg,OK
India,en,transcript,school_record,academic transcript senior secondary India,https://i.redd.it/scidzl6udk5a1.png,/Users/yiweili/Documents/EZcommonapp/bing_images_india_student_dataset/india/transcript/academic_transcript_senior_secondary_india/21.png,OK
India,en,transcript,school_record,academic transcript senior secondary India,https://i2.wp.com/static.dexform.com/media/docs/7937/official-high-school-transcript-form_1.png,/Users/yiweili/Documents/EZcommonapp/bing_images_india_student_dataset/india/transcript/academic_transcript_senior_secondary_india/22.png,OK
India,en,transcript,school_record,academic transcript senior secondary India,https://formspal.com/wp-content/uploads/2021/04/step-1-insert-your-personal-data-and-high-school-info-filling-out-high-school-transcript.webp,/Users/yiweili/Documents/EZcommonapp/bing_images_india_student_dataset/india/transcript/academic_transcript_senior_secondary_india/23.webp,OK
India,en,transcript,school_record,academic transcript senior secondary India,https://www.flhomeschoolevaluations.com/uploads/1/8/4/3/18435789/high-school-transcript-sample_orig.jpg,/Users/yiweili/Documents/EZcommonapp/bing_images_india_student_dataset/india/transcript/academic_transcript_senior_secondary_india/24.jpg,OK
India,en,transcript,school_record,academic transcript senior secondary India,https://live.staticflickr.com/6112/6348383916_3026ba103d_b.jpg,/Users/yiweili/Documents/EZcommonapp/bing_images_india_student_dataset/india/transcript/academic_transcript_senior_secondary_india/25.jpg,OK
India,en,transcript,school_record,academic transcript senior secondary India,https://preview.redd.it/so-what-did-your-transcripts-look-like-v0-scidzl6udk5a1.png?auto=webp&s=bfc5616a537dd4795da5eb9b2f2486a5eba50f08,/Users/yiweili/Documents/EZcommonapp/bing_images_india_student_dataset/india/transcript/academic_transcript_senior_secondary_india/26.png,OK
India,en,transcript,school_record,academic transcript senior secondary India,https://homeschoolgiveaways.com/wp-content/uploads/2025/04/High-School-Transcript-Template-1-700x906.webp,/Users/yiweili/Documents/EZcommonapp/bing_images_india_student_dataset/india/transcript/academic_transcript_senior_secondary_india/27.webp,OK
India,en,transcript,school_record,academic transcript senior secondary India,https://validgrad.com/wp-content/uploads/2021/10/What-does-a-high-school-transcript-look-like-1024x660.png,/Users/yiweili/Documents/EZcommonapp/bing_images_india_student_dataset/india/transcript/academic_transcript_senior_secondary_india/28.png,OK
India,en,transcript,school_record,academic transcript senior secondary India,https://lh3.googleusercontent.com/a/ACg8ocLdpgTPojziTkkP6mgn-ZeHM-kFeAv04Zjm0fg0CJh_dhid3A=s120-c-rp-mo-br100,/Users/yiweili/Documents/EZcommonapp/bing_images_india_student_dataset/india/transcript/academic_transcript_senior_secondary_india/29.jpg,OK
India,en,transcript,school_record,academic transcript senior secondary India,https://redlands.qld.edu.au/wp-content/uploads/Volleyball-Camp-2.png,/Users/yiweili/Documents/EZcommonapp/bing_images_india_student_dataset/india/transcript/academic_transcript_senior_secondary_india/30.png,OK
India,en,transcript,school_record,academic transcript senior secondary India,https://imgv2-1-f.scribdassets.com/img/document/518586010/original/f9713665a3/1712556100?v=1,/Users/yiweili/Documents/EZcommonapp/bing_images_india_student_dataset/india/transcript/academic_transcript_senior_secondary_india/31.jpg,OK
India,en,transcript,school_record,academic transcript senior secondary India,https://image.slidesharecdn.com/26c9d6a8-b5e5-4ef6-8d27-0fa0e6445a43-150620174531-lva1-app6892/85/Academic-Transcript-Undergraduate-2-638.jpg,/Users/yiweili/Documents/EZcommonapp/bing_images_india_student_dataset/india/transcript/academic_transcript_senior_secondary_india/32.jpg,OK
India,en,transcript,school_record,academic transcript senior secondary India,https://d20ohkaloyme4g.cloudfront.net/img/document_thumbnails/ece79de48f5cc102b690205941f130d2/thumb_1200_1698.png,/Users/yiweili/Documents/EZcommonapp/bing_images_india_student_dataset/india/transcript/academic_transcript_senior_secondary_india/33.png,OK
India,en,transcript,school_record,academic transcript senior secondary India,http://sunilparyani.weebly.com/uploads/1/9/4/7/19479995/3928139_orig.jpg,/Users/yiweili/Documents/EZcommonapp/bing_images_india_student_dataset/india/transcript/academic_transcript_senior_secondary_india/34.jpg,OK
India,en,transcript,school_record,academic transcript senior secondary India,https://imgv2-2-f.scribdassets.com/img/document/686700719/original/9a81983707/1?v=1,/Users/yiweili/Documents/EZcommonapp/bing_images_india_student_dataset/india/transcript/academic_transcript_senior_secondary_india/35.jpg,OK
India,en,transcript,school_record,academic transcript senior secondary India,https://gotempl.cc/wp-content/uploads/2025/10/India-Dr.-A.-P.-J.-Abdul-Kalam-Technical-University-official-transcript-Word-and-PDF-template.jpeg,,"ERR_('Connection aborted.', ConnectionResetE"
India,en,transcript,school_record,academic transcript senior secondary India,https://www.phonydiploma.com/Images/canhstrxpd.jpg,/Users/yiweili/Documents/EZcommonapp/bing_images_india_student_dataset/india/transcript/academic_transcript_senior_secondary_india/36.jpg,OK
India,en,transcript,school_record,academic transcript senior secondary India,https://www.transcriptmaker.com/wp-content/uploads/2019/03/transcript3-1-724x1024.png,/Users/yiweili/Documents/EZcommonapp/bing_images_india_student_dataset/india/transcript/academic_transcript_senior_secondary_india/37.png,OK
India,en,transcript,school_record,academic transcript senior secondary India,https://live.staticflickr.com/6219/6348385722_b4e2e59beb_b.jpg,/Users/yiweili/Documents/EZcommonapp/bing_images_india_student_dataset/india/transcript/academic_transcript_senior_secondary_india/38.jpg,OK
India,en,transcript,school_record,academic transcript senior secondary India,https://i.pinimg.com/originals/7a/fd/73/7afd739c7457faecd641613fb1d91021.jpg,/Users/yiweili/Documents/EZcommonapp/bing_images_india_student_dataset/india/transcript/academic_transcript_senior_secondary_india/39.jpg,OK
India,en,transcript,school_record,academic transcript senior secondary India,https://i.etsystatic.com/51135883/r/il/9e2d97/6298505873/il_1080xN.6298505873_47yc.jpg,/Users/yiweili/Documents/EZcommonapp/bing_images_india_student_dataset/india/transcript/academic_transcript_senior_secondary_india/40.jpg,OK
India,en,transcript,school_record,academic transcript senior secondary India,https://i.ytimg.com/vi/aFbDdBjLPHY/maxresdefault.jpg,/Users/yiweili/Documents/EZcommonapp/bing_images_india_student_dataset/india/transcript/academic_transcript_senior_secondary_india/41.jpg,OK
India,en,transcript,school_record,academic transcript senior secondary India,https://wenr.wes.org/wp-content/uploads/2012/05/Secondary-Grades-India-Graphic_01.jpg,/Users/yiweili/Documents/EZcommonapp/bing_images_india_student_dataset/india/transcript/academic_transcript_senior_secondary_india/42.jpg,OK
India,en,transcript,school_record,academic transcript senior secondary India,https://image.slidesharecdn.com/a1f0be9e-2352-438c-90f1-8753206770b7-160313232819/95/high-school-transcript-1-638.jpg?cb=1457911771,/Users/yiweili/Documents/EZcommonapp/bing_images_india_student_dataset/india/transcript/academic_transcript_senior_secondary_india/43.jpg,OK
India,en,transcript,school_record,academic transcript senior secondary India,https://admissions.tc.umn.edu/sites/admissions.tc.umn.edu/files/inline-images/Argentina_Transcript-1.gif,/Users/yiweili/Documents/EZcommonapp/bing_images_india_student_dataset/india/transcript/academic_transcript_senior_secondary_india/44.jpg,OK
India,en,transcript,school_record,academic transcript senior secondary India,https://imgv2-1-f.scribdassets.com/img/document/627852761/original/8776a34bbc/1677893793?v=1,/Users/yiweili/Documents/EZcommonapp/bing_images_india_student_dataset/india/transcript/academic_transcript_senior_secondary_india/45.jpg,OK
India,en,transcript,school_record,academic transcript senior secondary India,https://www.transcriptmaker.com/wp-content/uploads/2019/03/transcript8-1.png,/Users/yiweili/Documents/EZcommonapp/bing_images_india_student_dataset/india/transcript/academic_transcript_senior_secondary_india/46.png,OK
India,en,transcript,school_record,academic transcript senior secondary India,https://cdn.slidesharecdn.com/ss_thumbnails/2852ae52-7a15-4dd3-bb03-e6c6f9f20c69-160812083508-thumbnail.jpg?width=640&height=640&fit=bounds,/Users/yiweili/Documents/EZcommonapp/bing_images_india_student_dataset/india/transcript/academic_transcript_senior_secondary_india/47.jpg,OK
India,en,transcript,school_record,academic transcript senior secondary India,https://cdn.slidesharecdn.com/ss_thumbnails/34ae4c71-ffda-4311-bb19-1105b0605c5f-160728144039-thumbnail.jpg?width=640&height=640&fit=bounds,/Users/yiweili/Documents/EZcommonapp/bing_images_india_student_dataset/india/transcript/academic_transcript_senior_secondary_india/48.jpg,OK
India,en,transcript,school_record,academic transcript senior secondary India,https://cdn.slidesharecdn.com/ss_thumbnails/2b4a8f51-a42c-4a28-8cfb-5a7010609339-160620094300-thumbnail-4.jpg?cb=1466415811,/Users/yiweili/Documents/EZcommonapp/bing_images_india_student_dataset/india/transcript/academic_transcript_senior_secondary_india/49.jpg,OK
India,en,transcript,school_record,academic transcript senior secondary India,https://primetranscripts.in/wp-content/uploads/2022/01/slider-5.webp,/Users/yiweili/Documents/EZcommonapp/bing_images_india_student_dataset/india/transcript/academic_transcript_senior_secondary_india/50.webp,OK
India,en,transcript,school_record,academic transcript senior secondary India,https://www2.gov.bc.ca/assets/download/0DC9F289B7FC431A9D14DE3B69856458,/Users/yiweili/Documents/EZcommonapp/bing_images_india_student_dataset/india/transcript/academic_transcript_senior_secondary_india/51.jpg,OK
India,en,transcript,school_record,academic transcript senior secondary India,https://i.ytimg.com/vi/MYa_D1PHI-k/maxresdefault.jpg,/Users/yiweili/Documents/EZcommonapp/bing_images_india_student_dataset/india/transcript/academic_transcript_senior_secondary_india/52.jpg,OK
India,en,transcript,school_record,academic transcript senior secondary India,https://i.etsystatic.com/26826134/r/il/13d909/4883665181/il_fullxfull.4883665181_8shy.jpg,/Users/yiweili/Documents/EZcommonapp/bing_images_india_student_dataset/india/transcript/academic_transcript_senior_secondary_india/53.jpg,OK
India,en,transcript,school_record,academic transcript senior secondary India,https://www.pdffiller.com/preview/100/72/100072494/large.png,/Users/yiweili/Documents/EZcommonapp/bing_images_india_student_dataset/india/transcript/academic_transcript_senior_secondary_india/54.png,OK
India,en,transcript,school_record,academic transcript senior secondary India,https://i.pinimg.com/736x/89/b4/69/89b469dfde6036e6a78666db7f399948.jpg,/Users/yiweili/Documents/EZcommonapp/bing_images_india_student_dataset/india/transcript/academic_transcript_senior_secondary_india/55.jpg,OK
India,en,transcript,school_record,academic transcript senior secondary India,https://i.etsystatic.com/43109212/r/il/374618/5243548336/il_fullxfull.5243548336_2jdv.jpg,/Users/yiweili/Documents/EZcommonapp/bing_images_india_student_dataset/india/transcript/academic_transcript_senior_secondary_india/56.jpg,OK
India,en,transcript,school_record,academic transcript senior secondary India,https://image.slidesdocs.com/responsive-images/sheets/complete-academic-records-final-transcripts-for-primary-and-secondary-school-students-excel-template_07c1493fd7__max.jpg,/Users/yiweili/Documents/EZcommonapp/bing_images_india_student_dataset/india/transcript/academic_transcript_senior_secondary_india/57.jpg,OK
India,en,transcript,school_record,academic transcript senior secondary India,https://formspal.com/pdf-forms/other/high-school-transcript-form/high-school-transcript-form-preview.webp,/Users/yiweili/Documents/EZcommonapp/bing_images_india_student_dataset/india/transcript/academic_transcript_senior_secondary_india/58.webp,OK
India,en,transcript,school_record,academic transcript senior secondary India,https://i.etsystatic.com/35107127/r/il/030f7e/4347934093/il_794xN.4347934093_owd3.jpg,/Users/yiweili/Documents/EZcommonapp/bing_images_india_student_dataset/india/transcript/academic_transcript_senior_secondary_india/59.jpg,OK
India,en,activity,student_activity,participation certificate school event India,https://thumbs.dreamstime.com/b/participation-certificate-pre-school-154139460.jpg,/Users/yiweili/Documents/EZcommonapp/bing_images_india_student_dataset/india/activity/participation_certificate_school_event_india/0.jpg,OK
India,en,activity,student_activity,participation certificate school event India,https://media.licdn.com/dms/image/v2/D4E22AQFypLAMpFHrZQ/feedshare-shrink_2048_1536/feedshare-shrink_2048_1536/0/1686425783961?e=2147483647&v=beta&t=tLTBE7ac3uwt5jZpaE34NAAq5hy6JrdgXxIjodAyjRM,,HTTP_404
India,en,activity,student_activity,participation certificate school event India,https://certificatesinn.com/wp-content/uploads/2023/02/Event-participation-certificate-3CRC.png,/Users/yiweili/Documents/EZcommonapp/bing_images_india_student_dataset/india/activity/participation_certificate_school_event_india/1.png,OK
India,en,activity,student_activity,participation certificate school event India,https://imgv2-2-f.scribdassets.com/img/document/687223863/original/9e19257968/1?v=1,/Users/yiweili/Documents/EZcommonapp/bing_images_india_student_dataset/india/activity/participation_certificate_school_event_india/2.jpg,OK
India,en,activity,student_activity,participation certificate school event India,https://static.mygov.in/indiancc/2021/08/mygov-10000000001765781207.jpg,/Users/yiweili/Documents/EZcommonapp/bing_images_india_student_dataset/india/activity/participation_certificate_school_event_india/3.jpg,OK
India,en,activity,student_activity,participation certificate school event India,https://images.examples.com/wp-content/uploads/2017/06/School-Participation-Certificate.jpg,/Users/yiweili/Documents/EZcommonapp/bing_images_india_student_dataset/india/activity/participation_certificate_school_event_india/4.jpg,OK
India,en,activity,student_activity,participation certificate school event India,https://certificatesinn.com/wp-content/uploads/2023/02/Event-participation-certificate-4CRC.png,/Users/yiweili/Documents/EZcommonapp/bing_images_india_student_dataset/india/activity/participation_certificate_school_event_india/5.png,OK
India,en,activity,student_activity,participation certificate school event India,https://nelda.org.in/wp-content/uploads/2022/06/Nelda-Certificate-Of-Participation-300x212.jpg,/Users/yiweili/Documents/EZcommonapp/bing_images_india_student_dataset/india/activity/participation_certificate_school_event_india/6.jpg,OK
India,en,activity,student_activity,participation certificate school event India,https://images.template.net/496752/Event-Participation-and-Achievement-Certificate-Template-edit-online.png,/Users/yiweili/Documents/EZcommonapp/bing_images_india_student_dataset/india/activity/participation_certificate_school_event_india/7.png,OK
India,en,activity,student_activity,participation certificate school event India,http://certificatesinn.com/wp-content/uploads/2023/02/Event-participation-certificate-1CRC.png,/Users/yiweili/Documents/EZcommonapp/bing_images_india_student_dataset/india/activity/participation_certificate_school_event_india/8.png,OK
India,en,activity,student_activity,participation certificate school event India,https://1.bp.blogspot.com/-6_f8z7OvQC4/X-YDLqOn7AI/AAAAAAAB2PE/j81pnqCKsSMBstB0qOyC1urLdAlODdQyQCLcBGAsYHQ/s1280/download%2B%25283%2529.png,/Users/yiweili/Documents/EZcommonapp/bing_images_india_student_dataset/india/activity/participation_certificate_school_event_india/9.png,OK
India,en,activity,student_activity,participation certificate school event India,https://cbselibrary.com/wp-content/uploads/2021/02/Certificate-of-Participation-1-1024x791.png,/Users/yiweili/Documents/EZcommonapp/bing_images_india_student_dataset/india/activity/participation_certificate_school_event_india/10.png,OK
India,en,activity,student_activity,participation certificate school event India,https://templatesamples.net/wp-content/uploads/2024/08/free-printable-custom-participation-certificate-templates-canva-for-certificate-of-participation-sample-template.jpg,/Users/yiweili/Documents/EZcommonapp/bing_images_india_student_dataset/india/activity/participation_certificate_school_event_india/11.jpg,OK
India,en,activity,student_activity,participation certificate school event India,https://cbselibrary.com/wp-content/uploads/2021/02/Participation-Certificate-for-Employees.png,/Users/yiweili/Documents/EZcommonapp/bing_images_india_student_dataset/india/activity/participation_certificate_school_event_india/12.png,OK
India,en,activity,student_activity,participation certificate school event India,https://marketplace.canva.com/EAEwtD7fukc/1/0/800w/canva-kids-event-participation-certificate-t4U6mv_CeHU.jpg,/Users/yiweili/Documents/EZcommonapp/bing_images_india_student_dataset/india/activity/participation_certificate_school_event_india/13.jpg,OK
India,en,activity,student_activity,participation certificate school event India,https://d3jmn01ri1fzgl.cloudfront.net/photoadking/webp_thumbnail/modern-school-teaching-participation-certificate-template-6cungld9fa6d0d.webp,/Users/yiweili/Documents/EZcommonapp/bing_images_india_student_dataset/india/activity/participation_certificate_school_event_india/14.webp,OK
India,en,activity,student_activity,participation certificate school event India,https://www.certificateof.com/wp-content/uploads/2018/08/sample-format-certificate-of-participation-new-certificate-participation-free-template-amp-plete-guide-example-new-free-printable-templates-for-certificates-participation-new-free-of-sample-form.jpeg,/Users/yiweili/Documents/EZcommonapp/bing_images_india_student_dataset/india/activity/participation_certificate_school_event_india/15.jpeg,OK
India,en,activity,student_activity,participation certificate school event India,https://marketplace.canva.com/EAF4F_tOvRI/1/0/1600w/canva-white-and-blue-modern-certificate-of-participation-wwWmJSt9po8.jpg,/Users/yiweili/Documents/EZcommonapp/bing_images_india_student_dataset/india/activity/participation_certificate_school_event_india/16.jpg,OK
India,en,activity,student_activity,participation certificate school event India,https://marketplace.canva.com/EAGNs5WHC2g/1/0/1600w/canva-colorful-fun-illustrative-art-participation-certificate-FYQ5GKeY3oE.jpg,/Users/yiweili/Documents/EZcommonapp/bing_images_india_student_dataset/india/activity/participation_certificate_school_event_india/17.jpg,OK
India,en,activity,student_activity,participation certificate school event India,https://i.etsystatic.com/48538760/r/il/6490a5/5602604617/il_1080xN.5602604617_97cb.jpg,/Users/yiweili/Documents/EZcommonapp/bing_images_india_student_dataset/india/activity/participation_certificate_school_event_india/18.jpg,OK
India,en,activity,student_activity,participation certificate school event India,https://images.template.net/276302/Certificate-of-Participation-Template-edit-online.png,/Users/yiweili/Documents/EZcommonapp/bing_images_india_student_dataset/india/activity/participation_certificate_school_event_india/19.png,OK
India,en,activity,student_activity,participation certificate school event India,https://marketplace.canva.com/EAFvh2ZLHdk/1/0/1600w/canva-colorful-blue-and-violet-gradient-simple-drawing-competition-certificate-of-participation-iO1_iKGzGvs.jpg,/Users/yiweili/Documents/EZcommonapp/bing_images_india_student_dataset/india/activity/participation_certificate_school_event_india/20.jpg,OK
India,en,activity,student_activity,participation certificate school event India,https://blogger.googleusercontent.com/img/b/R29vZ2xl/AVvXsEjf7lGMZ4faPqmL7CI5XyThmvgVR6sjM1g5Ys5ScoOelv6FEt11ZsmjHxnRXb2VNwUw_ITUXkisBfmmZ1OI_uPiP7E3dCLnY5W22XTfyIvTtHQQD0s5BZTL1Yv5AGA7s5pxDuhntxpi32MS/w640-h452/Participation+Certificate+-+International+Symposium+-+GITAM%252C+Bengalore+-+20+to+22+-+07+-+2020-1.jpg,/Users/yiweili/Documents/EZcommonapp/bing_images_india_student_dataset/india/activity/participation_certificate_school_event_india/21.jpg,OK
India,en,activity,student_activity,participation certificate school event India,https://images.template.net/512070/Participation-Certificate-for-Parents-Template-edit-online.png,/Users/yiweili/Documents/EZcommonapp/bing_images_india_student_dataset/india/activity/participation_certificate_school_event_india/22.png,OK
India,en,activity,student_activity,participation certificate school event India,https://static.vecteezy.com/system/resources/previews/007/722/018/original/certificate-of-participation-template-free-free-vector.jpg,/Users/yiweili/Documents/EZcommonapp/bing_images_india_student_dataset/india/activity/participation_certificate_school_event_india/23.jpg,OK
India,en,activity,student_activity,participation certificate school event India,https://i.pinimg.com/originals/40/98/98/409898a910015e916639884a0cf454d9.jpg,/Users/yiweili/Documents/EZcommonapp/bing_images_india_student_dataset/india/activity/participation_certificate_school_event_india/24.jpg,OK
India,en,activity,student_activity,participation certificate school event India,https://images.template.net/278330/Nonprofit-Organization-Participant-Certificate-Template-edit-online.png,/Users/yiweili/Documents/EZcommonapp/bing_images_india_student_dataset/india/activity/participation_certificate_school_event_india/25.png,OK
India,en,activity,student_activity,participation certificate school event India,https://images.template.net/499428/Art-Participation-Certificate-Template-edit-online.png,/Users/yiweili/Documents/EZcommonapp/bing_images_india_student_dataset/india/activity/participation_certificate_school_event_india/26.png,OK
India,en,activity,student_activity,participation certificate school event India,https://blog.photoadking.com/wp-content/uploads/2023/04/participation-certificate-5-1-768x593.jpg,/Users/yiweili/Documents/EZcommonapp/bing_images_india_student_dataset/india/activity/participation_certificate_school_event_india/27.jpg,OK
India,en,activity,student_activity,participation certificate school event India,https://blogger.googleusercontent.com/img/b/R29vZ2xl/AVvXsEiiAa5z6lTmOGuVqAJqml71fJW97L55oLNkWVYL__6J0hLznO739igboMolokgyMwg0xW0K2PHid8bAl7wPyURHotYbTM8l_K41iizV9AUVoKxccxDOHT0zxwQut21y-WaNI6_QXFusvsMXE4tTyZqcB32E-TFwFhFjjw4ysMcMthVMWKFFNeCujngE/s1169/Nithikshan UKG.jpg,/Users/yiweili/Documents/EZcommonapp/bing_images_india_student_dataset/india/activity/participation_certificate_school_event_india/28.jpg,OK
India,en,activity,student_activity,participation certificate school event India,https://demplates.com/wp-content/uploads/2018/01/certificate_of_partcipation_template_school-1-300x212.jpg,/Users/yiweili/Documents/EZcommonapp/bing_images_india_student_dataset/india/activity/participation_certificate_school_event_india/29.jpg,OK
India,en,activity,student_activity,participation certificate school event India,https://media.licdn.com/dms/image/v2/D5622AQGIsqdTfoSxvQ/feedshare-shrink_2048_1536/B56ZcnHVUAHUAo-/0/1748707924865?e=2147483647&v=beta&t=sq6AyR2YF52fJBvjBEvOFthYwbRcK3iqqkWEIM1fsZU,/Users/yiweili/Documents/EZcommonapp/bing_images_india_student_dataset/india/activity/participation_certificate_school_event_india/30.jpg,OK
India,en,activity,student_activity,participation certificate school event India,https://www.certificateof.com/wp-content/uploads/2018/08/sample-certificate-participation-format-unique-certificate-attendance-template-in-word-new-sample-format-of-sample-certificate-participation-format.jpg,/Users/yiweili/Documents/EZcommonapp/bing_images_india_student_dataset/india/activity/participation_certificate_school_event_india/31.jpg,OK
India,en,activity,student_activity,participation certificate school event India,https://raketcontent.com/EDITABLE_BSP_and_GSP_CERTIFICATE_OF_PARTICIPATION_2798b71380.png,,ERR_HTTPSConnectionPool(host='raketcontent.c
India,en,activity,student_activity,participation certificate school event India,https://images.twinkl.co.uk/tw1n/image/private/t_630/image_repo/99/36/t-t-27970-editable-participation-in-sport-certificates_ver_1.jpg,/Users/yiweili/Documents/EZcommonapp/bing_images_india_student_dataset/india/activity/participation_certificate_school_event_india/32.jpg,OK
India,en,activity,student_activity,participation certificate school event India,https://www.podareducation.org/Uploads/samastipur/achievements/fitindiacertificate2020/2.jpg,/Users/yiweili/Documents/EZcommonapp/bing_images_india_student_dataset/india/activity/participation_certificate_school_event_india/33.jpg,OK
India,en,activity,student_activity,participation certificate school event India,https://cpimg.tistatic.com/08986627/b/4/Participation-Certificate.jpg,/Users/yiweili/Documents/EZcommonapp/bing_images_india_student_dataset/india/activity/participation_certificate_school_event_india/34.jpg,OK
India,en,activity,student_activity,participation certificate school event India,https://khaitanworld.com/wp-content/uploads/2023/08/kws_awardsinner_banner3.jpg,/Users/yiweili/Documents/EZcommonapp/bing_images_india_student_dataset/india/activity/participation_certificate_school_event_india/35.jpg,OK
India,en,activity,student_activity,participation certificate school event India,https://www.hopeforhumanity.in/img/kheloindia/cert27.jpg,/Users/yiweili/Documents/EZcommonapp/bing_images_india_student_dataset/india/activity/participation_certificate_school_event_india/36.jpg,OK
India,en,activity,student_activity,participation certificate school event India,https://i.pinimg.com/originals/bb/a6/bb/bba6bbc0968803fbcaa078417a205bab.jpg,/Users/yiweili/Documents/EZcommonapp/bing_images_india_student_dataset/india/activity/participation_certificate_school_event_india/37.jpg,OK
India,en,activity,student_activity,participation certificate school event India,https://3.imimg.com/data3/IR/QM/MY-10789275/certificate-of-merit-500x500.jpg,/Users/yiweili/Documents/EZcommonapp/bing_images_india_student_dataset/india/activity/participation_certificate_school_event_india/38.jpg,OK
India,en,activity,student_activity,participation certificate school event India,https://images.template.net/511922/Seminar-Workshop-Participation-Certificate-Template-edit-online.png,/Users/yiweili/Documents/EZcommonapp/bing_images_india_student_dataset/india/activity/participation_certificate_school_event_india/39.png,OK
India,en,activity,student_activity,participation certificate school event India,https://images.template.net/511921/Training-Participation-Certificate-Template-edit-online.png,/Users/yiweili/Documents/EZcommonapp/bing_images_india_student_dataset/india/activity/participation_certificate_school_event_india/40.png,OK
India,en,activity,student_activity,participation certificate school event India,https://www.itolympiad.in/wp-content/uploads/2020/09/school_participation.png,/Users/yiweili/Documents/EZcommonapp/bing_images_india_student_dataset/india/activity/participation_certificate_school_event_india/41.png,OK
India,en,activity,student_activity,participation certificate school event India,https://lh3.googleusercontent.com/-g13xT-c0Bfc/YJKB-7d-aTI/AAAAAAAAE0Y/5ZoI7rN8gG8AoHM7GHoLwfCmtDxwmBYNQCLcBGAsYHQ/s1600/1620214263420962-0.png,/Users/yiweili/Documents/EZcommonapp/bing_images_india_student_dataset/india/activity/participation_certificate_school_event_india/42.png,OK
India,en,activity,student_activity,participation certificate school event India,https://images.template.net/511827/Creative-School-Participation-Certificate-Template-edit-online.png,/Users/yiweili/Documents/EZcommonapp/bing_images_india_student_dataset/india/activity/participation_certificate_school_event_india/43.png,OK
India,en,activity,student_activity,participation certificate school event India,https://certificatesinn.com/wp-content/uploads/2023/02/Event-participation-certificate-4CRC-300x232.png,/Users/yiweili/Documents/EZcommonapp/bing_images_india_student_dataset/india/activity/participation_certificate_school_event_india/44.png,OK
India,en,activity,student_activity,participation certificate school event India,https://imgv2-1-f.scribdassets.com/img/document/754460121/original/af0ef898c1/1?v=1,/Users/yiweili/Documents/EZcommonapp/bing_images_india_student_dataset/india/activity/participation_certificate_school_event_india/45.jpg,OK
India,en,activity,student_activity,participation certificate school event India,https://marketplace.canva.com/EAFyDmI-DqY/3/0/1600w/canva-colorful-modern-geometric-certificate-of-participation-M9XcqPS3fg8.jpg,/Users/yiweili/Documents/EZcommonapp/bing_images_india_student_dataset/india/activity/participation_certificate_school_event_india/46.jpg,OK
India,en,activity,student_activity,participation certificate school event India,https://blogger.googleusercontent.com/img/b/R29vZ2xl/AVvXsEgas1roh5cROWbl9Kwdl6dXNXAzawEvCHzcvBrtWhgOq0mfC2rHmLVZ_q19Ji0n6hHVbwCvGYaE1j9mMRyLkT9zZ6Jhp6o8wN6qzIWkkorsTjOBvwmsQ3lQrLT46bRx1l1ntqzkj3sZFRqQ_8ul5ZNyhgNXvIk02cKT738PjQz0nxDaANxmVkQBeKpjxfA/s897/image.png,/Users/yiweili/Documents/EZcommonapp/bing_images_india_student_dataset/india/activity/participation_certificate_school_event_india/47.png,OK
India,en,activity,student_activity,participation certificate school event India,https://www.certificateof.com/wp-content/uploads/2018/08/certificate-of-participation-2.png,/Users/yiweili/Documents/EZcommonapp/bing_images_india_student_dataset/india/activity/participation_certificate_school_event_india/48.png,OK
India,en,activity,student_activity,participation certificate school event India,https://media.licdn.com/dms/image/v2/D5622AQHbspZ3XyAGww/feedshare-shrink_2048_1536/feedshare-shrink_2048_1536/0/1695226499793?e=2147483647&v=beta&t=e56jdlUhn27PgWiPVhjWWprPhergnMNJ-7FFDlBYYhQ,/Users/yiweili/Documents/EZcommonapp/bing_images_india_student_dataset/india/activity/participation_certificate_school_event_india/49.jpg,OK
India,en,activity,student_activity,participation certificate school event India,https://storage.googleapis.com/verified-storage/design-templates/08dd1e87-8177-4cc7-81a3-27e02ddf034a.png,/Users/yiweili/Documents/EZcommonapp/bing_images_india_student_dataset/india/activity/participation_certificate_school_event_india/50.png,OK
India,en,activity,student_activity,participation certificate school event India,https://res.cloudinary.com/certifier/image/upload/v1718813153/certificate_of_participation_templates_Certifier_blog_custom_floral_40e20e1e0a.jpg,/Users/yiweili/Documents/EZcommonapp/bing_images_india_student_dataset/india/activity/participation_certificate_school_event_india/51.jpg,OK
India,en,activity,student_activity,participation certificate school event India,https://aissmscoe.com/wp-content/uploads/2020/08/Certificate-Of-Participation.jpg,/Users/yiweili/Documents/EZcommonapp/bing_images_india_student_dataset/india/activity/participation_certificate_school_event_india/52.jpg,OK
India,en,activity,student_activity,participation certificate school event India,https://images.template.net/154802/participation-certificate-template-yjhov.jpg,/Users/yiweili/Documents/EZcommonapp/bing_images_india_student_dataset/india/activity/participation_certificate_school_event_india/53.jpg,OK
India,en,activity,student_activity,participation certificate school event India,https://media.craftyartapp.com/uploadedFiles/thumb_file/89af715e1516bd81578b957d5668eabf2403b15e1722328671.jpg,/Users/yiweili/Documents/EZcommonapp/bing_images_india_student_dataset/india/activity/participation_certificate_school_event_india/54.jpg,OK
India,en,activity,student_activity,participation certificate school event India,https://marketplace.canva.com/EAF-JNz4vIQ/1/0/1600w/canva-green-and-gold-modern-sport-competition-certificate-landscape--pq6qPXkv8w.jpg,/Users/yiweili/Documents/EZcommonapp/bing_images_india_student_dataset/india/activity/participation_certificate_school_event_india/55.jpg,OK
India,en,activity,student_activity,participation certificate school event India,https://blog.photoadking.com/wp-content/uploads/2023/04/1681126975349-1-1024x724.jpg,/Users/yiweili/Documents/EZcommonapp/bing_images_india_student_dataset/india/activity/participation_certificate_school_event_india/56.jpg,OK
India,en,activity,student_activity,participation certificate school event India,https://marketplace.canva.com/EAFV7GFkVLY/1/0/1600w/canva-green-white-modern-participation-certificate-qRii__fzpdM.jpg,/Users/yiweili/Documents/EZcommonapp/bing_images_india_student_dataset/india/activity/participation_certificate_school_event_india/57.jpg,OK
India,en,activity,student_activity,participation certificate school event India,https://certifier.io/_next/image?url=https:%2F%2Fres.cloudinary.com%2Fcertifier%2Fimage%2Fupload%2Fv1709650100%2F51_participation_formal_darkviolet_landscape_ff5e55e81a.png&w=1080&q=100,/Users/yiweili/Documents/EZcommonapp/bing_images_india_student_dataset/india/activity/participation_certificate_school_event_india/58.jpg,OK
India,en,activity,student_activity,participation certificate school event India,https://images.examples.com/wp-content/uploads/2017/06/Event-Participation-Certificate.jpg,/Users/yiweili/Documents/EZcommonapp/bing_images_india_student_dataset/india/activity/participation_certificate_school_event_india/59.jpg,OK
India,en,activity,student_activity,NCC NSS certificate school India,https://imgv2-2-f.scribdassets.com/img/document/891553176/original/a92b347556/1?v=1,/Users/yiweili/Documents/EZcommonapp/bing_images_india_student_dataset/india/activity/ncc_nss_certificate_school_india/0.jpg,OK
India,en,activity,student_activity,NCC NSS certificate school India,https://pbs.twimg.com/media/EpXiLlHVgAUQjnI.jpg:large,/Users/yiweili/Documents/EZcommonapp/bing_images_india_student_dataset/india/activity/ncc_nss_certificate_school_india/1.jpg,OK
India,en,activity,student_activity,NCC NSS certificate school India,https://imgv2-2-f.scribdassets.com/img/document/894097425/original/bb468cd356/1?v=1,/Users/yiweili/Documents/EZcommonapp/bing_images_india_student_dataset/india/activity/ncc_nss_certificate_school_india/2.jpg,OK
India,en,activity,student_activity,NCC NSS certificate school India,https://www.stcp.ac.in/images/NSS Best Unit Certificate 2020-20211.jpg,/Users/yiweili/Documents/EZcommonapp/bing_images_india_student_dataset/india/activity/ncc_nss_certificate_school_india/3.jpg,OK
India,en,activity,student_activity,NCC NSS certificate school India,https://i.ytimg.com/vi/Rha4xnLOrto/maxresdefault.jpg,/Users/yiweili/Documents/EZcommonapp/bing_images_india_student_dataset/india/activity/ncc_nss_certificate_school_india/4.jpg,OK
India,en,activity,student_activity,NCC NSS certificate school India,https://i.ytimg.com/vi/3KR5m6Aoldk/maxresdefault.jpg,/Users/yiweili/Documents/EZcommonapp/bing_images_india_student_dataset/india/activity/ncc_nss_certificate_school_india/5.jpg,OK
India,en,activity,student_activity,NCC NSS certificate school India,https://i.ytimg.com/vi/bWUtpc2OVjE/maxresdefault.jpg,/Users/yiweili/Documents/EZcommonapp/bing_images_india_student_dataset/india/activity/ncc_nss_certificate_school_india/6.jpg,OK
India,en,activity,student_activity,NCC NSS certificate school India,https://i.ytimg.com/vi/etX8uXqLBok/maxresdefault.jpg,/Users/yiweili/Documents/EZcommonapp/bing_images_india_student_dataset/india/activity/ncc_nss_certificate_school_india/7.jpg,OK
India,en,activity,student_activity,NCC NSS certificate school India,https://i.ytimg.com/vi/6-H-KmkpDkc/maxresdefault.jpg,/Users/yiweili/Documents/EZcommonapp/bing_images_india_student_dataset/india/activity/ncc_nss_certificate_school_india/8.jpg,OK
India,en,activity,student_activity,NCC NSS certificate school India,https://i.ytimg.com/vi/WfqOVt5BENw/maxresdefault.jpg,/Users/yiweili/Documents/EZcommonapp/bing_images_india_student_dataset/india/activity/ncc_nss_certificate_school_india/9.jpg,OK
India,en,activity,student_activity,NCC NSS certificate school India,https://i.ytimg.com/vi/XnbcYK4sKFQ/maxresdefault.jpg,/Users/yiweili/Documents/EZcommonapp/bing_images_india_student_dataset/india/activity/ncc_nss_certificate_school_india/10.jpg,OK
India,en,activity,student_activity,NCC NSS certificate school India,https://snmcollege.ac.in/wp-content/uploads/2023/10/Nayana-NSS-Certificate-1.jpg,/Users/yiweili/Documents/EZcommonapp/bing_images_india_student_dataset/india/activity/ncc_nss_certificate_school_india/11.jpg,OK
India,en,activity,student_activity,NCC NSS certificate school India,https://www.digitalindiagov.in/wp-content/uploads/2024/01/uuu.jpg,/Users/yiweili/Documents/EZcommonapp/bing_images_india_student_dataset/india/activity/ncc_nss_certificate_school_india/12.jpg,OK
India,en,activity,student_activity,NCC NSS certificate school India,https://www.kacd.ac.in/assets/upload/gallery_large/893909099_NSS Award Certificate.jpg,/Users/yiweili/Documents/EZcommonapp/bing_images_india_student_dataset/india/activity/ncc_nss_certificate_school_india/13.jpg,OK
India,en,activity,student_activity,NCC NSS certificate school India,http://www.rrce.org/rrce/wp-content/uploads/2017/04/RRCE_NSS_CAMP_Certificate.jpg,/Users/yiweili/Documents/EZcommonapp/bing_images_india_student_dataset/india/activity/ncc_nss_certificate_school_india/14.jpg,OK
India,en,activity,student_activity,NCC NSS certificate school India,https://deshbhagatuniversity.in/wp-content/uploads/2022/11/WhatsApp-Image-2022-08-02-at-4.12.47-PM.jpeg,/Users/yiweili/Documents/EZcommonapp/bing_images_india_student_dataset/india/activity/ncc_nss_certificate_school_india/15.jpeg,OK
India,en,activity,student_activity,NCC NSS certificate school India,https://aimindia.in/wp-content/uploads/2024/10/Leonardo_Phoenix_Create_an_eyecatching_website_thumbnail_featu_0.jpg,/Users/yiweili/Documents/EZcommonapp/bing_images_india_student_dataset/india/activity/ncc_nss_certificate_school_india/16.jpg,OK
India,en,activity,student_activity,NCC NSS certificate school India,https://www.nsshinducollege.org/wp-content/uploads/2017/06/NCC-DAY-4-1024x576.jpg,/Users/yiweili/Documents/EZcommonapp/bing_images_india_student_dataset/india/activity/ncc_nss_certificate_school_india/17.jpg,OK
India,en,activity,student_activity,NCC NSS certificate school India,https://static.mygov.in/indiancc/2021/08/mygov-10000000001465695984-1024x723.jpg,/Users/yiweili/Documents/EZcommonapp/bing_images_india_student_dataset/india/activity/ncc_nss_certificate_school_india/18.jpg,OK
India,en,activity,student_activity,NCC NSS certificate school India,https://it.lbrce.ac.in/nss.jpg,/Users/yiweili/Documents/EZcommonapp/bing_images_india_student_dataset/india/activity/ncc_nss_certificate_school_india/19.jpg,OK
India,en,activity,student_activity,NCC NSS certificate school India,https://www.reviewadda.com/assets/uploads/article_images/NCC_vs_Guide_vs_Scout_1.jpg,/Users/yiweili/Documents/EZcommonapp/bing_images_india_student_dataset/india/activity/ncc_nss_certificate_school_india/20.jpg,OK
India,en,activity,student_activity,NCC NSS certificate school India,https://ltsccollegeujjain.com/wp-content/uploads/photo-gallery/NSS/NSS-02.jpg,/Users/yiweili/Documents/EZcommonapp/bing_images_india_student_dataset/india/activity/ncc_nss_certificate_school_india/21.jpg,OK
India,en,activity,student_activity,NCC NSS certificate school India,https://static.mygov.in/indiancc/2022/09/mygov-9999999991611282284.jpg,/Users/yiweili/Documents/EZcommonapp/bing_images_india_student_dataset/india/activity/ncc_nss_certificate_school_india/22.jpg,OK
India,en,activity,student_activity,NCC NSS certificate school India,https://sibsagargirlscollege.org.in/assets/img/nss.jpg,/Users/yiweili/Documents/EZcommonapp/bing_images_india_student_dataset/india/activity/ncc_nss_certificate_school_india/23.jpg,OK
India,en,activity,student_activity,NCC NSS certificate school India,https://jvbi.ac.in/images/facilities/19ncc-nss/img4.jpg,/Users/yiweili/Documents/EZcommonapp/bing_images_india_student_dataset/india/activity/ncc_nss_certificate_school_india/24.jpg,OK
India,en,activity,student_activity,NCC NSS certificate school India,https://rosarycollege.org/wp-content/uploads/2022/09/NSS1-909x1024.jpg,/Users/yiweili/Documents/EZcommonapp/bing_images_india_student_dataset/india/activity/ncc_nss_certificate_school_india/25.jpg,OK
India,en,activity,student_activity,NCC NSS certificate school India,https://deshbhagatuniversity.in/wp-content/uploads/2022/11/WhatsApp-Image-2022-08-02-at-4.12.45-PM-1.jpeg,/Users/yiweili/Documents/EZcommonapp/bing_images_india_student_dataset/india/activity/ncc_nss_certificate_school_india/26.jpeg,OK
India,en,activity,student_activity,NCC NSS certificate school India,https://bhavans.ac.in/college/web-assets/img/facilities/img-NCC.jpg,/Users/yiweili/Documents/EZcommonapp/bing_images_india_student_dataset/india/activity/ncc_nss_certificate_school_india/27.jpg,OK
India,en,activity,student_activity,NCC NSS certificate school India,https://www.nsshinducollege.org/wp-content/uploads/2017/06/NCC-3-1024x683.jpg,/Users/yiweili/Documents/EZcommonapp/bing_images_india_student_dataset/india/activity/ncc_nss_certificate_school_india/28.jpg,OK
India,en,activity,student_activity,NCC NSS certificate school India,https://www.kalindicollege.in/wp-content/themes/kalindi/assets/images/ncc-1.jpg,/Users/yiweili/Documents/EZcommonapp/bing_images_india_student_dataset/india/activity/ncc_nss_certificate_school_india/29.jpg,OK
India,en,activity,student_activity,NCC NSS certificate school India,https://imgv2-2-f.scribdassets.com/img/document/817830343/original/c249af1154/1?v=1,/Users/yiweili/Documents/EZcommonapp/bing_images_india_student_dataset/india/activity/ncc_nss_certificate_school_india/30.jpg,OK
India,en,activity,student_activity,NCC NSS certificate school India,https://engineering.brindavancollege.edu.in/uploads/kp/nss_ncc_12.PNG,/Users/yiweili/Documents/EZcommonapp/bing_images_india_student_dataset/india/activity/ncc_nss_certificate_school_india/31.png,OK
India,en,activity,student_activity,NCC NSS certificate school India,https://media.licdn.com/dms/image/D5622AQE6zUkVzTcMvg/feedshare-shrink_2048_1536/0/1696164487721?e=2147483647&v=beta&t=7JMI1VuWzuA-S9J9Z890wkp7gRN_btqen4ohVAj42_Q,,HTTP_400
India,en,activity,student_activity,NCC NSS certificate school India,https://www.raghuenggcollege.com/wp-content/themes/raghuengg/assets/images/nss/certificate-17.jpg,/Users/yiweili/Documents/EZcommonapp/bing_images_india_student_dataset/india/activity/ncc_nss_certificate_school_india/32.jpg,OK
India,en,activity,student_activity,NCC NSS certificate school India,https://cdn.dnaindia.com/sites/default/files/styles/full/public/2018/12/22/768296-ncc-122218.jpg,/Users/yiweili/Documents/EZcommonapp/bing_images_india_student_dataset/india/activity/ncc_nss_certificate_school_india/33.jpg,OK
India,en,activity,student_activity,NCC NSS certificate school India,https://media.licdn.com/dms/image/v2/D4D22AQFjo9O6F7FB2g/feedshare-shrink_800/feedshare-shrink_800/0/1689151753445?e=2147483647&v=beta&t=9-UTQddrUk2JE1mwdVIj-Cvl7fVltwMW2T4UdSzKIlU,/Users/yiweili/Documents/EZcommonapp/bing_images_india_student_dataset/india/activity/ncc_nss_certificate_school_india/34.jpg,OK
India,en,activity,student_activity,NCC NSS certificate school India,https://pharmacycol.com/wp-content/uploads/STATE-LEVEL-AWARD-NSS-CERTIFICATE.jpg,/Users/yiweili/Documents/EZcommonapp/bing_images_india_student_dataset/india/activity/ncc_nss_certificate_school_india/35.jpg,OK
India,en,activity,student_activity,NCC NSS certificate school India,https://sicescollege.edu.in/wp-content/uploads/2021/07/University-Level-7-Day-Residential-Capm-Participation-Certificate-1024x768.jpg,,ERR_HTTPSConnectionPool(host='sicescollege.e
India,en,activity,student_activity,NCC NSS certificate school India,https://dehradundefenceacademy.com/wp-content/uploads/2023/09/Benefits-of-NCC-certificate-1024x512.jpg,/Users/yiweili/Documents/EZcommonapp/bing_images_india_student_dataset/india/activity/ncc_nss_certificate_school_india/36.jpg,OK
India,en,activity,student_activity,NCC NSS certificate school India,https://wbsu.ac.in/web/wp-content/uploads/2022/01/NSS2-1200x864.jpeg,,"ERR_HTTPSConnectionPool(host='wbsu.ac.in', p"
India,en,activity,student_activity,NCC NSS certificate school India,https://acadlog.com/updates/_next/image?url=http:%2F%2Fwhitetigerhome.in%2Fwp-content%2Fuploads%2F2023%2F10%2Fbenefits-of-nss-certificate-in-government-jobs.jpg&w=750&q=75,,HTTP_402
India,en,activity,student_activity,NCC NSS certificate school India,https://seaschool.edu.in/images/news/NCC-Certificate2.jpg,/Users/yiweili/Documents/EZcommonapp/bing_images_india_student_dataset/india/activity/ncc_nss_certificate_school_india/37.jpg,OK
India,en,activity,student_activity,NCC NSS certificate school India,https://images.indianexpress.com/2025/05/NCC.jpg,/Users/yiweili/Documents/EZcommonapp/bing_images_india_student_dataset/india/activity/ncc_nss_certificate_school_india/38.jpg,OK
India,en,activity,student_activity,NCC NSS certificate school India,https://nsspolytechnic.ac.in/images/ncc-photos/ncc-5.png,/Users/yiweili/Documents/EZcommonapp/bing_images_india_student_dataset/india/activity/ncc_nss_certificate_school_india/39.png,OK
India,en,activity,student_activity,NCC NSS certificate school India,https://static.mygov.in/indiancc/2021/08/mygov-9999999991244133304.png,/Users/yiweili/Documents/EZcommonapp/bing_images_india_student_dataset/india/activity/ncc_nss_certificate_school_india/40.png,OK
India,en,activity,student_activity,NCC NSS certificate school India,https://cdn.slidesharecdn.com/ss_thumbnails/nsscertificate-190811215432-thumbnail.jpg?width=640&height=640&fit=bounds,/Users/yiweili/Documents/EZcommonapp/bing_images_india_student_dataset/india/activity/ncc_nss_certificate_school_india/41.jpg,OK
India,en,activity,student_activity,NCC NSS certificate school India,https://cvrubihar.ac.in/img/a7f5841da8cba4355c8000ab1758e850,/Users/yiweili/Documents/EZcommonapp/bing_images_india_student_dataset/india/activity/ncc_nss_certificate_school_india/42.jpg,OK
India,en,activity,student_activity,NCC NSS certificate school India,https://dzcots5lswgyq.cloudfront.net/NCC  ENTRY.jpg,/Users/yiweili/Documents/EZcommonapp/bing_images_india_student_dataset/india/activity/ncc_nss_certificate_school_india/43.jpg,OK
India,en,activity,student_activity,NCC NSS certificate school India,https://www.sedc.ac.in/images/inner-images/ncc.png,/Users/yiweili/Documents/EZcommonapp/bing_images_india_student_dataset/india/activity/ncc_nss_certificate_school_india/44.png,OK
India,en,activity,student_activity,NCC NSS certificate school India,http://vtmnsscollege.ac.in/wp-content/uploads/2022/12/Images-1058564149-scaled.jpg,/Users/yiweili/Documents/EZcommonapp/bing_images_india_student_dataset/india/activity/ncc_nss_certificate_school_india/45.jpg,OK
India,en,activity,student_activity,NCC NSS certificate school India,https://sibsagargirlscollege.org.in/assets/img/ncc.jpg,/Users/yiweili/Documents/EZcommonapp/bing_images_india_student_dataset/india/activity/ncc_nss_certificate_school_india/46.jpg,OK
India,en,activity,student_activity,NCC NSS certificate school India,https://sggskcm.org/wp-content/uploads/2024/08/NCC-PIC.jpg,/Users/yiweili/Documents/EZcommonapp/bing_images_india_student_dataset/india/activity/ncc_nss_certificate_school_india/47.jpg,OK
India,en,activity,student_activity,NCC NSS certificate school India,https://i.ytimg.com/vi/ieF8tMjPwiM/maxresdefault.jpg,/Users/yiweili/Documents/EZcommonapp/bing_images_india_student_dataset/india/activity/ncc_nss_certificate_school_india/48.jpg,OK
India,en,activity,student_activity,NCC NSS certificate school India,https://nsspolytechnic.ac.in/images/ncc-photos/ncc.jpg,/Users/yiweili/Documents/EZcommonapp/bing_images_india_student_dataset/india/activity/ncc_nss_certificate_school_india/49.jpg,OK
India,en,activity,student_activity,NCC NSS certificate school India,https://sggskcm.org/wp-content/uploads/2024/08/College-NCC-Team.jpg,/Users/yiweili/Documents/EZcommonapp/bing_images_india_student_dataset/india/activity/ncc_nss_certificate_school_india/50.jpg,OK
India,en,activity,student_activity,NCC NSS certificate school India,https://static.sportzbusiness.com/uploads/2018/08/NCC.jpg,/Users/yiweili/Documents/EZcommonapp/bing_images_india_student_dataset/india/activity/ncc_nss_certificate_school_india/51.jpg,OK
India,en,activity,student_activity,NCC NSS certificate school India,https://www.kalindicollege.in/wp-content/themes/kalindi/assets/images/nss-5.jpg,/Users/yiweili/Documents/EZcommonapp/bing_images_india_student_dataset/india/activity/ncc_nss_certificate_school_india/52.jpg,OK
India,en,activity,student_activity,NCC NSS certificate school India,https://i.ytimg.com/vi/6GBaBrFKhEc/hq720.jpg?sqp=-oaymwEkCJUDENAFSFryq4qpAxYIARUAAAAAJQAAyEI9AICiQ3gB0AEB&rs=AOn4CLAycG2C2TyRQgfLLWyiQSBNJdY4Qw,/Users/yiweili/Documents/EZcommonapp/bing_images_india_student_dataset/india/activity/ncc_nss_certificate_school_india/53.jpg,OK
India,en,activity,student_activity,NCC NSS certificate school India,https://gplisana.edu.in/downloads/nimages/WhatsApp_Image_2022-09-22_at_11-41-03_AM.jpg,,ERR_HTTPSConnectionPool(host='gplisana.edu.i
India,en,activity,student_activity,NCC NSS certificate school India,https://ltsccollegeujjain.com/wp-content/uploads/photo-gallery/NCC/NCC-03.jpg,/Users/yiweili/Documents/EZcommonapp/bing_images_india_student_dataset/india/activity/ncc_nss_certificate_school_india/54.jpg,OK
India,en,activity,student_activity,NCC NSS certificate school India,https://static.mygov.in/indiancc/2022/09/mygov-10000000001165432819.jpg,/Users/yiweili/Documents/EZcommonapp/bing_images_india_student_dataset/india/activity/ncc_nss_certificate_school_india/55.jpg,OK
India,en,activity,student_activity,NCC NSS certificate school India,https://i.ytimg.com/vi/6GBaBrFKhEc/maxresdefault.jpg?sqp=-oaymwEoCIAKENAF8quKqQMcGADwAQH4Ac4FgAKACooCDAgAEAEYMCBUKHIwDw==&rs=AOn4CLBEOUUyqVsTX40ihVjfGbDa5gmMTA,/Users/yiweili/Documents/EZcommonapp/bing_images_india_student_dataset/india/activity/ncc_nss_certificate_school_india/56.jpg,OK
India,en,activity,student_activity,NCC NSS certificate school India,https://govtmodelsanskritischool20.com/wp-content/uploads/2020/11/20545503_1409172819129863_307791380531291574_o.jpg,/Users/yiweili/Documents/EZcommonapp/bing_images_india_student_dataset/india/activity/ncc_nss_certificate_school_india/57.jpg,OK
India,en,activity,student_activity,NCC NSS certificate school India,https://govtmodelsanskritischool20.com/wp-content/uploads/2020/11/NSS-1-800x618.jpeg,/Users/yiweili/Documents/EZcommonapp/bing_images_india_student_dataset/india/activity/ncc_nss_certificate_school_india/58.jpeg,OK
India,en,activity,student_activity,NCC NSS certificate school India,https://bhagyodayschoolsolutions.com/wp-content/uploads/2020/05/certificate-7.jpg,/Users/yiweili/Documents/EZcommonapp/bing_images_india_student_dataset/india/activity/ncc_nss_certificate_school_india/59.jpg,OK
India,en,activity,student_activity,extracurricular activity certificate school India,http://certificatesinn.com/wp-content/uploads/2016/08/Extra-curricular-activities-award-certificate-6-Renew.png,/Users/yiweili/Documents/EZcommonapp/bing_images_india_student_dataset/india/activity/extracurricular_activity_certificate_school_india/0.png,OK
India,en,activity,student_activity,extracurricular activity certificate school India,https://certificatesinn.com/wp-content/uploads/2016/08/Extra-curricular-activities-award-certificate-7-Renew.png,/Users/yiweili/Documents/EZcommonapp/bing_images_india_student_dataset/india/activity/extracurricular_activity_certificate_school_india/1.png,OK
India,en,activity,student_activity,extracurricular activity certificate school India,http://certificatesinn.com/wp-content/uploads/2016/08/Extra-curricular-activities-award-certificate-3-Renew.png,/Users/yiweili/Documents/EZcommonapp/bing_images_india_student_dataset/india/activity/extracurricular_activity_certificate_school_india/2.png,OK
India,en,activity,student_activity,extracurricular activity certificate school India,http://certificatesinn.com/wp-content/uploads/2016/08/Extra-curricular-activities-award-certificate-5-Renew.png,/Users/yiweili/Documents/EZcommonapp/bing_images_india_student_dataset/india/activity/extracurricular_activity_certificate_school_india/3.png,OK
India,en,activity,student_activity,extracurricular activity certificate school India,https://certificatesinn.com/wp-content/uploads/2016/08/Extra-curricular-activities-award-certificate-1-Renew.png,/Users/yiweili/Documents/EZcommonapp/bing_images_india_student_dataset/india/activity/extracurricular_activity_certificate_school_india/4.png,OK
India,en,activity,student_activity,extracurricular activity certificate school India,http://certificatesinn.com/wp-content/uploads/2016/08/Extra-curricular-activities-award-certificate-4-Renew-CRC.png,/Users/yiweili/Documents/EZcommonapp/bing_images_india_student_dataset/india/activity/extracurricular_activity_certificate_school_india/5.png,OK
India,en,activity,student_activity,extracurricular activity certificate school India,https://certificatesinn.com/wp-content/uploads/2016/08/Extra-curricular-activities-award-certificate-9-Renew.png,/Users/yiweili/Documents/EZcommonapp/bing_images_india_student_dataset/india/activity/extracurricular_activity_certificate_school_india/6.png,OK
India,en,activity,student_activity,extracurricular activity certificate school India,https://certificatesinn.com/wp-content/uploads/2016/08/Extra-curricular-activities-award-certificate-8-Renew.png,/Users/yiweili/Documents/EZcommonapp/bing_images_india_student_dataset/india/activity/extracurricular_activity_certificate_school_india/7.png,OK
India,en,activity,student_activity,extracurricular activity certificate school India,http://certificatesinn.com/wp-content/uploads/2016/08/Extra-curricular-activities-award-certificate-10-Renew.png,/Users/yiweili/Documents/EZcommonapp/bing_images_india_student_dataset/india/activity/extracurricular_activity_certificate_school_india/8.png,OK
India,en,activity,student_activity,extracurricular activity certificate school India,https://certificatesinn.com/wp-content/uploads/2016/08/Extra-curricular-activities-award-certificate-3-Renew-520x245.png,/Users/yiweili/Documents/EZcommonapp/bing_images_india_student_dataset/india/activity/extracurricular_activity_certificate_school_india/9.png,OK
India,en,activity,student_activity,extracurricular activity certificate school India,https://www.irisfloretsworldschool.com/wp-content/uploads/2023/07/Prominence-of-Sports-and-Extra-Curricular-Activities.jpg,/Users/yiweili/Documents/EZcommonapp/bing_images_india_student_dataset/india/activity/extracurricular_activity_certificate_school_india/10.jpg,OK
India,en,activity,student_activity,extracurricular activity certificate school India,https://i.pinimg.com/originals/72/d7/f5/72d7f5be6e4fdf2cc6e216025a5d1681.jpg,/Users/yiweili/Documents/EZcommonapp/bing_images_india_student_dataset/india/activity/extracurricular_activity_certificate_school_india/11.jpg,OK
India,en,activity,student_activity,extracurricular activity certificate school India,https://miro.medium.com/v2/resize:fit:1200/1*A6-K5nY9vIbxL39wACFUqA.png,/Users/yiweili/Documents/EZcommonapp/bing_images_india_student_dataset/india/activity/extracurricular_activity_certificate_school_india/12.png,OK
India,en,activity,student_activity,extracurricular activity certificate school India,https://cdn.slidesharecdn.com/ss_thumbnails/theroleofextracurricularactivitiesinboardingschoolsinindia1-230424111613-c37143d3-thumbnail.jpg?width=640&height=640&fit=bounds,/Users/yiweili/Documents/EZcommonapp/bing_images_india_student_dataset/india/activity/extracurricular_activity_certificate_school_india/13.jpg,OK
India,en,activity,student_activity,extracurricular activity certificate school India,https://www.ecoleglobale.com/blog/wp-content/uploads/2023/08/CANVA.png,/Users/yiweili/Documents/EZcommonapp/bing_images_india_student_dataset/india/activity/extracurricular_activity_certificate_school_india/14.png,OK
India,en,activity,student_activity,extracurricular activity certificate school India,https://i.pinimg.com/originals/7b/36/e7/7b36e73ec0230553c85458658f954d1f.jpg,/Users/yiweili/Documents/EZcommonapp/bing_images_india_student_dataset/india/activity/extracurricular_activity_certificate_school_india/15.jpg,OK
India,en,activity,student_activity,extracurricular activity certificate school India,https://cdn.slidesharecdn.com/ss_thumbnails/sport1-241020133752-87b52c0a-thumbnail.jpg?width=640&height=640&fit=bounds,/Users/yiweili/Documents/EZcommonapp/bing_images_india_student_dataset/india/activity/extracurricular_activity_certificate_school_india/16.jpg,OK
India,en,activity,student_activity,extracurricular activity certificate school India,https://i.pinimg.com/736x/e0/b4/e7/e0b4e75c3dc6bd78b7d863a2671c8e53.jpg,/Users/yiweili/Documents/EZcommonapp/bing_images_india_student_dataset/india/activity/extracurricular_activity_certificate_school_india/17.jpg,OK
India,en,activity,student_activity,extracurricular activity certificate school India,https://cdn.slidesharecdn.com/ss_thumbnails/theroleofextracurricularactivitiesinboardingschoolsinindia-230419131907-7b54625e-thumbnail.jpg?width=640&height=640&fit=bounds,/Users/yiweili/Documents/EZcommonapp/bing_images_india_student_dataset/india/activity/extracurricular_activity_certificate_school_india/18.jpg,OK
India,en,activity,student_activity,extracurricular activity certificate school India,https://image.slidesharecdn.com/music-241114102621-43c31f42/75/Unique-Extracurricular-Activities-Offered-by-International-Schools-in-India-1-2048.jpg,/Users/yiweili/Documents/EZcommonapp/bing_images_india_student_dataset/india/activity/extracurricular_activity_certificate_school_india/19.jpg,OK
India,en,activity,student_activity,extracurricular activity certificate school India,https://disdehradun.com/blog/wp-content/uploads/2023/04/of-Extracurricular-Activities-in-Boarding-Schools-in-India-1.png,/Users/yiweili/Documents/EZcommonapp/bing_images_india_student_dataset/india/activity/extracurricular_activity_certificate_school_india/20.png,OK
India,en,activity,student_activity,extracurricular activity certificate school India,https://skoodos.com/public/blog_images/extracurricular-activities-indian-schools-600x400.webp,/Users/yiweili/Documents/EZcommonapp/bing_images_india_student_dataset/india/activity/extracurricular_activity_certificate_school_india/21.webp,OK
India,en,activity,student_activity,extracurricular activity certificate school India,https://www.ecoleglobale.com/blog/wp-content/uploads/2023/05/Extracurricular-Activities-in-Indian-Boarding-Schools.png,/Users/yiweili/Documents/EZcommonapp/bing_images_india_student_dataset/india/activity/extracurricular_activity_certificate_school_india/22.png,OK
India,en,activity,student_activity,extracurricular activity certificate school India,https://www.skvgwalior.org/blog/wp-content/uploads/2023/09/Role-of-Extracurricular-Activities-in-Indian-Boarding-Schools-800x445.jpg,/Users/yiweili/Documents/EZcommonapp/bing_images_india_student_dataset/india/activity/extracurricular_activity_certificate_school_india/23.jpg,OK
India,en,activity,student_activity,extracurricular activity certificate school India,https://gulfpathram.com/wp-content/uploads/2022/12/Rudra-with-Appreciation-certificate-.jpeg,/Users/yiweili/Documents/EZcommonapp/bing_images_india_student_dataset/india/activity/extracurricular_activity_certificate_school_india/24.jpeg,OK
India,en,activity,student_activity,extracurricular activity certificate school India,https://www.cpgoenkainternationalschool.com/images/blog/pune-emphasize-on-extra-curricular-activities.jpg,/Users/yiweili/Documents/EZcommonapp/bing_images_india_student_dataset/india/activity/extracurricular_activity_certificate_school_india/25.jpg,OK
India,en,activity,student_activity,extracurricular activity certificate school India,https://cdn7.slideserve.com/13557381/top-extracurricular-activities-in-indian-schools-dt.jpg,/Users/yiweili/Documents/EZcommonapp/bing_images_india_student_dataset/india/activity/extracurricular_activity_certificate_school_india/26.jpg,OK
India,en,activity,student_activity,extracurricular activity certificate school India,https://www.21kschool.com/in/wp-content/uploads/sites/4/2025/02/What-are-the-Extracurricular-Activities.png,/Users/yiweili/Documents/EZcommonapp/bing_images_india_student_dataset/india/activity/extracurricular_activity_certificate_school_india/27.png,OK
India,en,activity,student_activity,extracurricular activity certificate school India,https://disdehradun.com/blog/wp-content/uploads/2023/04/1B5A9056-1-compressed-2048x1365.jpg,/Users/yiweili/Documents/EZcommonapp/bing_images_india_student_dataset/india/activity/extracurricular_activity_certificate_school_india/28.jpg,OK
India,en,activity,student_activity,extracurricular activity certificate school India,https://www.educationcorner.com/images/featured-guide-extracurricular-activities.jpg,/Users/yiweili/Documents/EZcommonapp/bing_images_india_student_dataset/india/activity/extracurricular_activity_certificate_school_india/29.jpg,OK
India,en,activity,student_activity,extracurricular activity certificate school India,https://indiabookofrecords.in/wp-content/uploads/2023/02/Amrita-Modak.jpg,/Users/yiweili/Documents/EZcommonapp/bing_images_india_student_dataset/india/activity/extracurricular_activity_certificate_school_india/30.jpg,OK
India,en,activity,student_activity,extracurricular activity certificate school India,https://images.boldsky.com/img/2022/12/schoolextracurricularactivitiesbenefits-page-001-1671965463.jpg,/Users/yiweili/Documents/EZcommonapp/bing_images_india_student_dataset/india/activity/extracurricular_activity_certificate_school_india/31.jpg,OK
India,en,activity,student_activity,extracurricular activity certificate school India,https://dpswarangal.in/images/2025/05/What-are-the-benefits-of-extracurricular-activities-for-students-in-girls-boarding-schools-in-India.webp,/Users/yiweili/Documents/EZcommonapp/bing_images_india_student_dataset/india/activity/extracurricular_activity_certificate_school_india/32.webp,OK
India,en,activity,student_activity,extracurricular activity certificate school India,https://cdn.slidesharecdn.com/ss_thumbnails/theroleofextracurricularactivitiesinshapingholisticeducationinindia-250224110544-ad0905c9-thumbnail.jpg?width=560&fit=bounds,/Users/yiweili/Documents/EZcommonapp/bing_images_india_student_dataset/india/activity/extracurricular_activity_certificate_school_india/33.jpg,OK
India,en,activity,student_activity,extracurricular activity certificate school India,https://indiabookofrecords.in/wp-content/uploads/2022/09/Arya-Raj.jpg,/Users/yiweili/Documents/EZcommonapp/bing_images_india_student_dataset/india/activity/extracurricular_activity_certificate_school_india/34.jpg,OK
India,en,activity,student_activity,extracurricular activity certificate school India,https://image.slidesharecdn.com/3129ce9e-17be-46ff-ac47-eca987999811-160407105932/85/High-school-extra-curricular-certificates-6-1-638.jpg,/Users/yiweili/Documents/EZcommonapp/bing_images_india_student_dataset/india/activity/extracurricular_activity_certificate_school_india/35.jpg,OK
India,en,activity,student_activity,extracurricular activity certificate school India,http://certificatesinn.com/wp-content/uploads/2016/08/Extra-curricular-activities-award-certificate-2-Renew.png,/Users/yiweili/Documents/EZcommonapp/bing_images_india_student_dataset/india/activity/extracurricular_activity_certificate_school_india/36.png,OK
India,en,activity,student_activity,extracurricular activity certificate school India,https://image.slidesharecdn.com/extracurricularactivities-170209090700/85/My-Certificates-For-Extra-Curricular-Activities-22-320.jpg,/Users/yiweili/Documents/EZcommonapp/bing_images_india_student_dataset/india/activity/extracurricular_activity_certificate_school_india/37.jpg,OK
India,en,activity,student_activity,extracurricular activity certificate school India,https://d2w7l1p59qkl0r.cloudfront.net/article/wp-content/uploads/2023/07/05160514/Scholarships-for-Extracurricular-Activities.jpg,/Users/yiweili/Documents/EZcommonapp/bing_images_india_student_dataset/india/activity/extracurricular_activity_certificate_school_india/38.jpg,OK
India,en,activity,student_activity,extracurricular activity certificate school India,https://image5.slideserve.com/10936929/extracurricular-activities-l.jpg,/Users/yiweili/Documents/EZcommonapp/bing_images_india_student_dataset/india/activity/extracurricular_activity_certificate_school_india/39.jpg,OK
India,en,activity,student_activity,extracurricular activity certificate school India,https://i.pinimg.com/originals/b0/38/59/b0385907d2c611d77a8c0bb6b648dc0b.png,/Users/yiweili/Documents/EZcommonapp/bing_images_india_student_dataset/india/activity/extracurricular_activity_certificate_school_india/40.png,OK
India,en,activity,student_activity,extracurricular activity certificate school India,https://cdn7.slideserve.com/13663035/innovative-extracurricular-activities-n.jpg,/Users/yiweili/Documents/EZcommonapp/bing_images_india_student_dataset/india/activity/extracurricular_activity_certificate_school_india/41.jpg,OK
India,en,activity,student_activity,extracurricular activity certificate school India,https://i.pinimg.com/originals/c4/eb/8b/c4eb8b5e224e39cbe4bf6a277e1da40c.jpg,/Users/yiweili/Documents/EZcommonapp/bing_images_india_student_dataset/india/activity/extracurricular_activity_certificate_school_india/42.jpg,OK
India,en,activity,student_activity,extracurricular activity certificate school India,https://image.slidesharecdn.com/music-241114102621-43c31f42/85/Unique-Extracurricular-Activities-Offered-by-International-Schools-in-India-1-638.jpg,/Users/yiweili/Documents/EZcommonapp/bing_images_india_student_dataset/india/activity/extracurricular_activity_certificate_school_india/43.jpg,OK
India,en,activity,student_activity,extracurricular activity certificate school India,https://i.pinimg.com/736x/f3/76/a5/f376a54445adf1bc914a15a77ed0c4a5.jpg,/Users/yiweili/Documents/EZcommonapp/bing_images_india_student_dataset/india/activity/extracurricular_activity_certificate_school_india/44.jpg,OK
India,en,activity,student_activity,extracurricular activity certificate school India,https://cdn7.slideserve.com/13557381/top-extracurricular-activities-in-indian-schools-n.jpg,/Users/yiweili/Documents/EZcommonapp/bing_images_india_student_dataset/india/activity/extracurricular_activity_certificate_school_india/45.jpg,OK
India,en,activity,student_activity,extracurricular activity certificate school India,https://miro.medium.com/v2/resize:fit:1200/1*xhx9_58T7bWOoSMx9fnGJA.png,/Users/yiweili/Documents/EZcommonapp/bing_images_india_student_dataset/india/activity/extracurricular_activity_certificate_school_india/46.png,OK
India,en,activity,student_activity,extracurricular activity certificate school India,https://cdn.slidesharecdn.com/ss_thumbnails/extracarricularenrichments-240626101414-ee1934ce-thumbnail.jpg?width=560&fit=bounds,/Users/yiweili/Documents/EZcommonapp/bing_images_india_student_dataset/india/activity/extracurricular_activity_certificate_school_india/47.jpg,OK
India,en,activity,student_activity,extracurricular activity certificate school India,https://miro.medium.com/v2/resize:fit:1200/1*rVnG2dfsvLjuZa6klXnk0g.png,/Users/yiweili/Documents/EZcommonapp/bing_images_india_student_dataset/india/activity/extracurricular_activity_certificate_school_india/48.png,OK
India,en,activity,student_activity,extracurricular activity certificate school India,https://vashi.goldcresthigh.com/uploads/blogs/1707283232-blog-banne-1.jpg,/Users/yiweili/Documents/EZcommonapp/bing_images_india_student_dataset/india/activity/extracurricular_activity_certificate_school_india/49.jpg,OK
India,en,activity,student_activity,extracurricular activity certificate school India,https://i.pinimg.com/originals/00/92/d9/0092d9c69b0adb3765cde5b6ed8edbfa.jpg,/Users/yiweili/Documents/EZcommonapp/bing_images_india_student_dataset/india/activity/extracurricular_activity_certificate_school_india/50.jpg,OK
India,en,activity,student_activity,extracurricular activity certificate school India,https://www.gleefulblogger.com/wp-content/uploads/2019/09/Extracurricular-activities.png,/Users/yiweili/Documents/EZcommonapp/bing_images_india_student_dataset/india/activity/extracurricular_activity_certificate_school_india/51.png,OK
India,en,activity,student_activity,extracurricular activity certificate school India,https://rataninternationalschool.com/wp-content/uploads/2024/10/Extra-Curriculur-Activities-scaled.jpg,/Users/yiweili/Documents/EZcommonapp/bing_images_india_student_dataset/india/activity/extracurricular_activity_certificate_school_india/52.jpg,OK
India,en,activity,student_activity,extracurricular activity certificate school India,https://blogger.googleusercontent.com/img/b/R29vZ2xl/AVvXsEjH8u2TRLPQTJF4KL-NCPhr0X9ZlBGThkj8beQlDZFJ9EE9bEiW5FGEvD8yKcS_nnyDtG7cuQ9T-DwE7icSrUjXFgpulKSG-2DODxnbP_zUK_kOZUMQo3j42mtjj9HplBcgq7CUapTK5jUH3-9FpxMpG2VCs22BEO6w2v3rKb_5HWz_4x6mXOm1y7-qyBot/s2245/Sports Facilities at Leading Boys Boarding Schools in India (2).jpg,/Users/yiweili/Documents/EZcommonapp/bing_images_india_student_dataset/india/activity/extracurricular_activity_certificate_school_india/53.jpg,OK
India,en,activity,student_activity,extracurricular activity certificate school India,https://www.globalinstitutes.edu.in/wp-content/uploads/2020/04/Why-Are-Extracurricular-Activities-Important-For-Any-Student-While-Studying-1536x759.png,/Users/yiweili/Documents/EZcommonapp/bing_images_india_student_dataset/india/activity/extracurricular_activity_certificate_school_india/54.png,OK
India,en,activity,student_activity,extracurricular activity certificate school India,https://cdn8.slideserve.com/14147705/schools-in-india-the-role-of-extracurricular-n.jpg,,HTTP_503
India,en,activity,student_activity,extracurricular activity certificate school India,https://www.21kschool.com/in/wp-content/uploads/sites/4/2025/01/Importance-of-Extracurricular-Activities-in-Student-Development.png,/Users/yiweili/Documents/EZcommonapp/bing_images_india_student_dataset/india/activity/extracurricular_activity_certificate_school_india/55.png,OK
India,en,activity,student_activity,extracurricular activity certificate school India,https://cdn.slidesharecdn.com/ss_thumbnails/beyondtheclassroomtheimportanceofextracurricularactivitiesinindianboardingschools-240301073529-6985fb50-thumbnail.jpg?width=560&fit=bounds,/Users/yiweili/Documents/EZcommonapp/bing_images_india_student_dataset/india/activity/extracurricular_activity_certificate_school_india/56.jpg,OK
India,en,activity,student_activity,extracurricular activity certificate school India,https://www.boldsky.com/img/1200x60x675/2022/12/schoolextracurricularactivitiesbenefits-page-001-1671965463.jpg,/Users/yiweili/Documents/EZcommonapp/bing_images_india_student_dataset/india/activity/extracurricular_activity_certificate_school_india/57.jpg,OK
India,en,activity,student_activity,extracurricular activity certificate school India,https://image.slidesharecdn.com/topextracurricularactivitiesinindianschools-240911101338-a4272ce3/75/Top-Extracurricular-Activities-in-Indian-Schools-pptx-6-2048.jpg,/Users/yiweili/Documents/EZcommonapp/bing_images_india_student_dataset/india/activity/extracurricular_activity_certificate_school_india/58.jpg,OK
India,en,activity,student_activity,extracurricular activity certificate school India,https://www.educationcorner.com/wp-content/uploads/featured-guide-extracurricular-activities.jpg,/Users/yiweili/Documents/EZcommonapp/bing_images_india_student_dataset/india/activity/extracurricular_activity_certificate_school_india/59.jpg,OK
India,en,activity,student_activity,sports certificate inter school India,https://static.mygov.in/indiancc/2021/08/mygov-1000000000705611038-1024x461.jpg,/Users/yiweili/Documents/EZcommonapp/bing_images_india_student_dataset/india/activity/sports_certificate_inter_school_india/0.jpg,OK
India,en,activity,student_activity,sports certificate inter school India,https://prakashcollege.in/wp-content/uploads/2024/05/2.Boxing-Inter-Collegiate-Certificate.jpeg,/Users/yiweili/Documents/EZcommonapp/bing_images_india_student_dataset/india/activity/sports_certificate_inter_school_india/1.jpeg,OK
India,en,activity,student_activity,sports certificate inter school India,https://i.ytimg.com/vi/jKoO_1c8KSA/maxresdefault.jpg,/Users/yiweili/Documents/EZcommonapp/bing_images_india_student_dataset/india/activity/sports_certificate_inter_school_india/2.jpg,OK
India,en,activity,student_activity,sports certificate inter school India,https://bwc.besant.edu.in/media/images/Netball_Tournament_Certificate_02.width-800.jpg,/Users/yiweili/Documents/EZcommonapp/bing_images_india_student_dataset/india/activity/sports_certificate_inter_school_india/3.jpg,OK
India,en,activity,student_activity,sports certificate inter school India,https://static.mygov.in/indiancc/2021/08/mygov-9999999991235688777-1024x461.jpg,/Users/yiweili/Documents/EZcommonapp/bing_images_india_student_dataset/india/activity/sports_certificate_inter_school_india/4.jpg,OK
India,en,activity,student_activity,sports certificate inter school India,https://i.ytimg.com/vi/3B7OOclSPyo/hqdefault.jpg,/Users/yiweili/Documents/EZcommonapp/bing_images_india_student_dataset/india/activity/sports_certificate_inter_school_india/5.jpg,OK
India,en,activity,student_activity,sports certificate inter school India,https://static.mygov.in/indiancc/2021/08/mygov-9999999991677282048-1024x461.jpg,/Users/yiweili/Documents/EZcommonapp/bing_images_india_student_dataset/india/activity/sports_certificate_inter_school_india/6.jpg,OK
India,en,activity,student_activity,sports certificate inter school India,https://www.podareducation.org/Uploads/jabalpur/latestnewsandachievements/fitindiacertificate2022/1.jpg,/Users/yiweili/Documents/EZcommonapp/bing_images_india_student_dataset/india/activity/sports_certificate_inter_school_india/7.jpg,OK
India,en,activity,student_activity,sports certificate inter school India,https://mir-s3-cdn-cf.behance.net/projects/404/c1aab9137672463.Y3JvcCwxMzAxLDEwMTgsNjcsMA.png,/Users/yiweili/Documents/EZcommonapp/bing_images_india_student_dataset/india/activity/sports_certificate_inter_school_india/8.png,OK
India,en,activity,student_activity,sports certificate inter school India,https://kleschoolbelgaum.com/img/sports-culture.jpg,,ERR_HTTPSConnectionPool(host='kleschoolbelga
India,en,activity,student_activity,sports certificate inter school India,https://priyadogra.com/wp-content/uploads/2021/11/Certificate-for-Priya-Dogra-for-_29th-August-National-Spor..._-pdf.jpg,/Users/yiweili/Documents/EZcommonapp/bing_images_india_student_dataset/india/activity/sports_certificate_inter_school_india/9.jpg,OK
India,en,activity,student_activity,sports certificate inter school India,https://i.ytimg.com/vi/QYM7O9SCqUs/maxresdefault.jpg,/Users/yiweili/Documents/EZcommonapp/bing_images_india_student_dataset/india/activity/sports_certificate_inter_school_india/10.jpg,OK
India,en,activity,student_activity,sports certificate inter school India,https://nsfoi.com/wp-content/uploads/2024/04/banner-01-1024x724.png,/Users/yiweili/Documents/EZcommonapp/bing_images_india_student_dataset/india/activity/sports_certificate_inter_school_india/11.png,OK
India,en,activity,student_activity,sports certificate inter school India,https://ttp.sairamschool.edu.in/wp-content/uploads/sites/6/2018/08/0001-1.jpg,/Users/yiweili/Documents/EZcommonapp/bing_images_india_student_dataset/india/activity/sports_certificate_inter_school_india/12.jpg,OK
India,en,activity,student_activity,sports certificate inter school India,https://i.ibb.co/5RLfCKY/DISTRICT-LEVEL-SPORTS-MEET-CERTIFICATE.jpg,/Users/yiweili/Documents/EZcommonapp/bing_images_india_student_dataset/india/activity/sports_certificate_inter_school_india/13.jpg,OK
India,en,activity,student_activity,sports certificate inter school India,https://image.slidesharecdn.com/484f0939-ee30-4a75-8df9-821e2c6c8743-161204225133/85/INTER-CERTIFICATE-1-320.jpg,/Users/yiweili/Documents/EZcommonapp/bing_images_india_student_dataset/india/activity/sports_certificate_inter_school_india/14.jpg,OK
India,en,activity,student_activity,sports certificate inter school India,http://sscafindia.org/files/images/invitation.png,/Users/yiweili/Documents/EZcommonapp/bing_images_india_student_dataset/india/activity/sports_certificate_inter_school_india/15.png,OK
India,en,activity,student_activity,sports certificate inter school India,https://www.wordstemplates.org/wp-content/uploads/2021/07/Sports-Certificate-Format.jpg,/Users/yiweili/Documents/EZcommonapp/bing_images_india_student_dataset/india/activity/sports_certificate_inter_school_india/16.jpg,OK
India,en,activity,student_activity,sports certificate inter school India,https://i0.wp.com/scottishigh.com/wp-content/uploads/2021/06/FIT-INDIA-School.jpg,/Users/yiweili/Documents/EZcommonapp/bing_images_india_student_dataset/india/activity/sports_certificate_inter_school_india/17.jpg,OK
India,en,activity,student_activity,sports certificate inter school India,http://1.bp.blogspot.com/-p2p-Xa4fHAc/VVSqp2MGvPI/AAAAAAAAAgs/6eM0c6Ix67o/s1600/p.jpg,/Users/yiweili/Documents/EZcommonapp/bing_images_india_student_dataset/india/activity/sports_certificate_inter_school_india/18.jpg,OK
India,en,activity,student_activity,sports certificate inter school India,https://www.wordtemplates.org/wp-content/uploads/2018/04/School-Sports-Certificate-768x566.jpg,/Users/yiweili/Documents/EZcommonapp/bing_images_india_student_dataset/india/activity/sports_certificate_inter_school_india/19.jpg,OK
India,en,activity,student_activity,sports certificate inter school India,https://tricodia.com/images/portfolio/cert.jpg,/Users/yiweili/Documents/EZcommonapp/bing_images_india_student_dataset/india/activity/sports_certificate_inter_school_india/20.jpg,OK
India,en,activity,student_activity,sports certificate inter school India,https://images.besttemplates.com/2591/sports-certificate-for-kids-1.jpg,/Users/yiweili/Documents/EZcommonapp/bing_images_india_student_dataset/india/activity/sports_certificate_inter_school_india/21.jpg,OK
India,en,activity,student_activity,sports certificate inter school India,https://i.pinimg.com/originals/5f/91/73/5f917332e05ebe1cf9d52f1f0b550eda.png,/Users/yiweili/Documents/EZcommonapp/bing_images_india_student_dataset/india/activity/sports_certificate_inter_school_india/22.png,OK
India,en,activity,student_activity,sports certificate inter school India,https://i.pinimg.com/originals/73/13/dd/7313dda3affddfe488ad971a10b7d58b.png,/Users/yiweili/Documents/EZcommonapp/bing_images_india_student_dataset/india/activity/sports_certificate_inter_school_india/23.png,OK
India,en,activity,student_activity,sports certificate inter school India,http://www.attestnow.com/wp-content/uploads/2022/06/inter.jpg,/Users/yiweili/Documents/EZcommonapp/bing_images_india_student_dataset/india/activity/sports_certificate_inter_school_india/24.jpg,OK
India,en,activity,student_activity,sports certificate inter school India,https://images.template.net/wp-content/uploads/2016/07/23085032/Sports-certificate.jpg,/Users/yiweili/Documents/EZcommonapp/bing_images_india_student_dataset/india/activity/sports_certificate_inter_school_india/25.jpg,OK
India,en,activity,student_activity,sports certificate inter school India,https://png.pngtree.com/png-clipart/20211116/original/pngtree-sports-honor-certificate-template-png-image_6929833.png,/Users/yiweili/Documents/EZcommonapp/bing_images_india_student_dataset/india/activity/sports_certificate_inter_school_india/26.png,OK
India,en,activity,student_activity,sports certificate inter school India,https://images.template.net/515446/Primary-School-Sports-Certificate-Template-edit-online.png,/Users/yiweili/Documents/EZcommonapp/bing_images_india_student_dataset/india/activity/sports_certificate_inter_school_india/27.png,OK
India,en,activity,student_activity,sports certificate inter school India,https://www.theasianschool.net/wp-content/uploads/2024/09/PRESS-RELEASE-11-th-ALL-INDIA-INTER-SCHOOL-BASKETBALL-TOURNAMENT-2024-3.jpg,/Users/yiweili/Documents/EZcommonapp/bing_images_india_student_dataset/india/activity/sports_certificate_inter_school_india/28.jpg,OK
India,en,activity,student_activity,sports certificate inter school India,https://schoolsportindia.in/wp-content/uploads/2024/11/10th-national-1.png,/Users/yiweili/Documents/EZcommonapp/bing_images_india_student_dataset/india/activity/sports_certificate_inter_school_india/29.png,OK
India,en,activity,student_activity,sports certificate inter school India,https://i.ytimg.com/vi/uEKvflu8S6M/hqdefault.jpg,/Users/yiweili/Documents/EZcommonapp/bing_images_india_student_dataset/india/activity/sports_certificate_inter_school_india/30.jpg,OK
India,en,activity,student_activity,sports certificate inter school India,https://schoolsportindia.in/wp-content/uploads/2024/11/10th-national-1.jpg,/Users/yiweili/Documents/EZcommonapp/bing_images_india_student_dataset/india/activity/sports_certificate_inter_school_india/31.jpg,OK
India,en,activity,student_activity,sports certificate inter school India,https://c8.alamy.com/comp/2EGN8K4/certificate-of-participation-in-cricket-tournament-sport-school-diploma-vector-template-with-batsman-player-in-uniform-playing-on-green-field-sports-2EGN8K4.jpg,/Users/yiweili/Documents/EZcommonapp/bing_images_india_student_dataset/india/activity/sports_certificate_inter_school_india/32.jpg,OK
India,en,activity,student_activity,sports certificate inter school India,https://d1csarkz8obe9u.cloudfront.net/posterpreviews/sports-certificate-design-template-8371db0715b3aa624ea622ddcc47a3a5_screen.jpg?ts=1659601039,/Users/yiweili/Documents/EZcommonapp/bing_images_india_student_dataset/india/activity/sports_certificate_inter_school_india/33.jpg,OK
India,en,activity,student_activity,sports certificate inter school India,https://cdn.slidesharecdn.com/ss_thumbnails/4b97f450-7e05-4389-ab42-279c4217595c-160501211003-thumbnail.jpg?width=640&height=640&fit=bounds,/Users/yiweili/Documents/EZcommonapp/bing_images_india_student_dataset/india/activity/sports_certificate_inter_school_india/34.jpg,OK
India,en,activity,student_activity,sports certificate inter school India,https://cloud9.shauryasoft.com/media/download_32_3.jpeg,/Users/yiweili/Documents/EZcommonapp/bing_images_india_student_dataset/india/activity/sports_certificate_inter_school_india/35.jpeg,OK
India,en,activity,student_activity,sports certificate inter school India,https://i.ytimg.com/vi/pfajyCZLrd8/maxresdefault.jpg,/Users/yiweili/Documents/EZcommonapp/bing_images_india_student_dataset/india/activity/sports_certificate_inter_school_india/36.jpg,OK
India,en,activity,student_activity,sports certificate inter school India,https://1.bp.blogspot.com/-0rRhLHhM5f4/Xu9vQF8ipXI/AAAAAAAACt8/A6b8uR4zbUcTbs2JRUcuCa0Apd3BcakNgCK4BGAsYHg/s3440/Intermediate%2B2001-2003%2B%2528S.K%2529.jpg,/Users/yiweili/Documents/EZcommonapp/bing_images_india_student_dataset/india/activity/sports_certificate_inter_school_india/37.jpg,OK
India,en,activity,student_activity,sports certificate inter school India,https://imgv2-1-f.scribdassets.com/img/document/802489514/original/2b3732326a/1?v=1,/Users/yiweili/Documents/EZcommonapp/bing_images_india_student_dataset/india/activity/sports_certificate_inter_school_india/38.jpg,OK
India,en,activity,student_activity,sports certificate inter school India,https://avila.ac.in/wp-content/uploads/2023/02/Hanshika-Certificate-scaled.jpg,/Users/yiweili/Documents/EZcommonapp/bing_images_india_student_dataset/india/activity/sports_certificate_inter_school_india/39.jpg,OK
India,en,activity,student_activity,sports certificate inter school India,https://media.craftyartapp.com/uploadedFiles/thumb_file/89af715e1516bd81578b957d5668eabf2403b15e1722328671.jpg,/Users/yiweili/Documents/EZcommonapp/bing_images_india_student_dataset/india/activity/sports_certificate_inter_school_india/40.jpg,OK
India,en,activity,student_activity,sports certificate inter school India,https://imgv2-1-f.scribdassets.com/img/document/795834447/original/361bf6c239/1?v=1,/Users/yiweili/Documents/EZcommonapp/bing_images_india_student_dataset/india/activity/sports_certificate_inter_school_india/41.jpg,OK
India,en,activity,student_activity,sports certificate inter school India,https://olivemountglobalschool.com/cd/images/certificates/imga2.png,/Users/yiweili/Documents/EZcommonapp/bing_images_india_student_dataset/india/activity/sports_certificate_inter_school_india/42.png,OK
India,en,activity,student_activity,sports certificate inter school India,https://static.vecteezy.com/system/resources/previews/015/320/968/original/football-tournament-sport-event-certificate-design-template-easy-to-customize-simple-and-elegant-design-vector.jpg,/Users/yiweili/Documents/EZcommonapp/bing_images_india_student_dataset/india/activity/sports_certificate_inter_school_india/43.jpg,OK
India,en,activity,student_activity,sports certificate inter school India,https://kkhelkshetr.com/assets/banner-CUVcz2wO.jpg,/Users/yiweili/Documents/EZcommonapp/bing_images_india_student_dataset/india/activity/sports_certificate_inter_school_india/44.jpg,OK
India,en,activity,student_activity,sports certificate inter school India,https://imgv2-1-f.scribdassets.com/img/document/808292962/original/0cadebcb1a/1?v=1,/Users/yiweili/Documents/EZcommonapp/bing_images_india_student_dataset/india/activity/sports_certificate_inter_school_india/45.jpg,OK
India,en,activity,student_activity,sports certificate inter school India,https://i.pinimg.com/originals/c5/80/06/c58006ef1aa167cbc211245dc96126b8.jpg,/Users/yiweili/Documents/EZcommonapp/bing_images_india_student_dataset/india/activity/sports_certificate_inter_school_india/46.jpg,OK
India,en,activity,student_activity,sports certificate inter school India,https://i.pinimg.com/originals/34/ab/8e/34ab8e0983948e7f3ee9d7f272bbba3d.png,/Users/yiweili/Documents/EZcommonapp/bing_images_india_student_dataset/india/activity/sports_certificate_inter_school_india/47.png,OK
India,en,activity,student_activity,sports certificate inter school India,https://www.tournaments360.in/imagescdn/postimg/inter-school-compatition-418372.jpg,/Users/yiweili/Documents/EZcommonapp/bing_images_india_student_dataset/india/activity/sports_certificate_inter_school_india/48.jpg,OK
India,en,activity,student_activity,sports certificate inter school India,https://sathiyakaathi.org/images/icse_certificate.jpg,/Users/yiweili/Documents/EZcommonapp/bing_images_india_student_dataset/india/activity/sports_certificate_inter_school_india/49.jpg,OK
India,en,activity,student_activity,sports certificate inter school India,https://images.sampletemplates.com/wp-content/uploads/2017/03/School-Sports-Eligibility-Certificate.jpg,/Users/yiweili/Documents/EZcommonapp/bing_images_india_student_dataset/india/activity/sports_certificate_inter_school_india/50.jpg,OK
India,en,activity,student_activity,sports certificate inter school India,https://www.vvsv.edu.in/wp-content/uploads/2023/11/SHREESHA-3.jpeg,/Users/yiweili/Documents/EZcommonapp/bing_images_india_student_dataset/india/activity/sports_certificate_inter_school_india/51.jpeg,OK
India,en,activity,student_activity,sports certificate inter school India,https://i.pinimg.com/736x/30/5a/c4/305ac42fbdc0d10d5254042b251de813.jpg,/Users/yiweili/Documents/EZcommonapp/bing_images_india_student_dataset/india/activity/sports_certificate_inter_school_india/52.jpg,OK
India,en,activity,student_activity,sports certificate inter school India,https://images.mid-day.com/images/images/2022/dec/aryan-photo_d.jpg,/Users/yiweili/Documents/EZcommonapp/bing_images_india_student_dataset/india/activity/sports_certificate_inter_school_india/53.jpg,OK
India,en,activity,student_activity,sports certificate inter school India,https://i.pinimg.com/736x/aa/91/b3/aa91b33bc4c43876122a52e4c698ef5c.jpg?nii=t,/Users/yiweili/Documents/EZcommonapp/bing_images_india_student_dataset/india/activity/sports_certificate_inter_school_india/54.jpg,OK
India,en,activity,student_activity,sports certificate inter school India,https://cbselibrary.com/wp-content/uploads/2021/02/Certificate-of-Achievement.png,/Users/yiweili/Documents/EZcommonapp/bing_images_india_student_dataset/india/activity/sports_certificate_inter_school_india/55.png,OK
India,en,activity,student_activity,sports certificate inter school India,https://certificatesinn.com/wp-content/uploads/2016/11/Sports-Certificate-3-CR.jpg,/Users/yiweili/Documents/EZcommonapp/bing_images_india_student_dataset/india/activity/sports_certificate_inter_school_india/56.jpg,OK
India,en,activity,student_activity,sports certificate inter school India,http://indianmodelinternationalschool.com/AWARD1.jpg,/Users/yiweili/Documents/EZcommonapp/bing_images_india_student_dataset/india/activity/sports_certificate_inter_school_india/57.jpg,OK
India,en,activity,student_activity,sports certificate inter school India,https://blog.photoadking.com/wp-content/uploads/2023/04/Perseverance-Certificate-1024x791.jpg,/Users/yiweili/Documents/EZcommonapp/bing_images_india_student_dataset/india/activity/sports_certificate_inter_school_india/58.jpg,OK
India,en,activity,student_activity,sports certificate inter school India,https://templatesumo.com/wp-content/uploads/2019/09/sports_award_certificate_templates.jpg,/Users/yiweili/Documents/EZcommonapp/bing_images_india_student_dataset/india/activity/sports_certificate_inter_school_india/59.jpg,OK
India,en,activity,student_activity,school club membership certificate India,https://images.template.net/514544/School-Club-Membership-Certificate-Template-edit-online.png,/Users/yiweili/Documents/EZcommonapp/bing_images_india_student_dataset/india/activity/school_club_membership_certificate_india/0.png,OK
India,en,activity,student_activity,school club membership certificate India,https://imgv2-1-f.scribdassets.com/img/document/729965584/original/3c77b12a6a/1?v=1,/Users/yiweili/Documents/EZcommonapp/bing_images_india_student_dataset/india/activity/school_club_membership_certificate_india/1.jpg,OK
India,en,activity,student_activity,school club membership certificate India,https://images.template.net/82/Club-Membership-Certificate-Template.jpg,/Users/yiweili/Documents/EZcommonapp/bing_images_india_student_dataset/india/activity/school_club_membership_certificate_india/2.jpg,OK
India,en,activity,student_activity,school club membership certificate India,https://i.pinimg.com/originals/7d/d3/41/7dd3412406179b6c55a3cbc5b4169d9c.jpg,/Users/yiweili/Documents/EZcommonapp/bing_images_india_student_dataset/india/activity/school_club_membership_certificate_india/3.jpg,OK
India,en,activity,student_activity,school club membership certificate India,https://i.pinimg.com/originals/f6/db/7b/f6db7bfe40e4cb64411a51891be461b4.jpg,/Users/yiweili/Documents/EZcommonapp/bing_images_india_student_dataset/india/activity/school_club_membership_certificate_india/4.jpg,OK
India,en,activity,student_activity,school club membership certificate India,https://imgv2-2-f.scribdassets.com/img/document/660828688/original/c1f0cc3c2a/1690194215?v=1,/Users/yiweili/Documents/EZcommonapp/bing_images_india_student_dataset/india/activity/school_club_membership_certificate_india/5.jpg,OK
India,en,activity,student_activity,school club membership certificate India,https://images.besttemplates.com/3520/Club-Membership-Certificate-Template-480x339.jpg,/Users/yiweili/Documents/EZcommonapp/bing_images_india_student_dataset/india/activity/school_club_membership_certificate_india/6.jpg,OK
India,en,activity,student_activity,school club membership certificate India,https://images.template.net/173136/Club-Membership-Certificate-Template-edit-online.png,/Users/yiweili/Documents/EZcommonapp/bing_images_india_student_dataset/india/activity/school_club_membership_certificate_india/7.png,OK
India,en,activity,student_activity,school club membership certificate India,https://marketplace.canva.com/EADaosJi--c/1/0/1600w/canva-red-line-border-sports-membership-certificate-ze9VBIxbI6Y.jpg,/Users/yiweili/Documents/EZcommonapp/bing_images_india_student_dataset/india/activity/school_club_membership_certificate_india/8.jpg,OK
India,en,activity,student_activity,school club membership certificate India,https://blog.photoadking.com/wp-content/uploads/2023/04/image-36-1024x791.jpeg,/Users/yiweili/Documents/EZcommonapp/bing_images_india_student_dataset/india/activity/school_club_membership_certificate_india/9.jpeg,OK
India,en,activity,student_activity,school club membership certificate India,https://marketplace.canva.com/EADaohLNWIU/1/0/1600w/canva-navy-and-red-illustrated-membership-certificate-_ps2ZhsO8WE.jpg,/Users/yiweili/Documents/EZcommonapp/bing_images_india_student_dataset/india/activity/school_club_membership_certificate_india/10.jpg,OK
India,en,activity,student_activity,school club membership certificate India,https://d1csarkz8obe9u.cloudfront.net/posterpreviews/club-membership-certificate-template-design-20c38fb2b58ace605a9889df544100e3_screen.jpg?ts=1700002936,/Users/yiweili/Documents/EZcommonapp/bing_images_india_student_dataset/india/activity/school_club_membership_certificate_india/11.jpg,OK
India,en,activity,student_activity,school club membership certificate India,https://imgv2-2-f.scribdassets.com/img/document/702805111/original/ef1b733abf/1?v=1,/Users/yiweili/Documents/EZcommonapp/bing_images_india_student_dataset/india/activity/school_club_membership_certificate_india/12.jpg,OK
India,en,activity,student_activity,school club membership certificate India,https://images.besttemplates.com/wp-content/uploads/2024/06/Club-Membership-Certificate-Template-Mockup.jpg,/Users/yiweili/Documents/EZcommonapp/bing_images_india_student_dataset/india/activity/school_club_membership_certificate_india/13.jpg,OK
India,en,activity,student_activity,school club membership certificate India,https://lisdehradun.in/wp-content/uploads/2023/08/FIT-India-Certificate-Lucent-International-School1024_1.jpg,/Users/yiweili/Documents/EZcommonapp/bing_images_india_student_dataset/india/activity/school_club_membership_certificate_india/14.jpg,OK
India,en,activity,student_activity,school club membership certificate India,https://images.template.net/515235/Old-School-Club-Certificate-Template--edit-online.png,/Users/yiweili/Documents/EZcommonapp/bing_images_india_student_dataset/india/activity/school_club_membership_certificate_india/15.png,OK
India,en,activity,student_activity,school club membership certificate India,https://b2685282.smushcdn.com/2685282/wp-content/uploads/2021/12/membership-certificate-generic-horizontal-1024x669.png?lossy=0&strip=1&webp=1,/Users/yiweili/Documents/EZcommonapp/bing_images_india_student_dataset/india/activity/school_club_membership_certificate_india/16.png,OK
India,en,activity,student_activity,school club membership certificate India,https://b2685282.smushcdn.com/2685282/wp-content/uploads/2021/12/board-membership-certificate-1024x651.png?lossy=0&strip=1&webp=1,/Users/yiweili/Documents/EZcommonapp/bing_images_india_student_dataset/india/activity/school_club_membership_certificate_india/17.png,OK
India,en,activity,student_activity,school club membership certificate India,https://imgv2-2-f.scribdassets.com/img/document/823010510/original/998fef823e/1?v=1,/Users/yiweili/Documents/EZcommonapp/bing_images_india_student_dataset/india/activity/school_club_membership_certificate_india/18.jpg,OK
India,en,activity,student_activity,school club membership certificate India,https://memberclicks.com/wp-content/uploads/2021/12/PTA-membership-certificate.png,/Users/yiweili/Documents/EZcommonapp/bing_images_india_student_dataset/india/activity/school_club_membership_certificate_india/19.png,OK
India,en,activity,student_activity,school club membership certificate India,https://memberclicks.com/wp-content/uploads/2021/12/sports-club-membership-certificate-1024x669.png,/Users/yiweili/Documents/EZcommonapp/bing_images_india_student_dataset/india/activity/school_club_membership_certificate_india/20.png,OK
India,en,activity,student_activity,school club membership certificate India,https://blog.photoadking.com/wp-content/uploads/2023/04/image-33-724x1024.jpeg,/Users/yiweili/Documents/EZcommonapp/bing_images_india_student_dataset/india/activity/school_club_membership_certificate_india/21.jpeg,OK
India,en,activity,student_activity,school club membership certificate India,https://imgv2-1-f.scribdassets.com/img/document/847077487/original/b228218881/1?v=1,/Users/yiweili/Documents/EZcommonapp/bing_images_india_student_dataset/india/activity/school_club_membership_certificate_india/22.jpg,OK
India,en,activity,student_activity,school club membership certificate India,https://certifier.io/_next/image?url=https:%2F%2Fres.cloudinary.com%2Fcertifier%2Fimage%2Fupload%2Fv1682507111%2Fmembership_certificate_templates_Certifier_blog_company_ownership_certificate_fdf04a7a1e.png&w=1920&q=75,/Users/yiweili/Documents/EZcommonapp/bing_images_india_student_dataset/india/activity/school_club_membership_certificate_india/23.jpg,OK
India,en,activity,student_activity,school club membership certificate India,https://memberclicks.com/wp-content/uploads/2021/12/professional-association-membership-certificate-1024x669.png,/Users/yiweili/Documents/EZcommonapp/bing_images_india_student_dataset/india/activity/school_club_membership_certificate_india/24.png,OK
India,en,activity,student_activity,school club membership certificate India,https://images.examples.com/wp-content/uploads/2019/01/India-Hospital-Membership-Certificate.jpg,/Users/yiweili/Documents/EZcommonapp/bing_images_india_student_dataset/india/activity/school_club_membership_certificate_india/25.jpg,OK
India,en,activity,student_activity,school club membership certificate India,https://images.twinkl.co.uk/tw1n/image/private/t_630_eco/image_repo/2b/2a/t-st-1631789200-ks1-school-club-membership-card_ver_1.jpg,/Users/yiweili/Documents/EZcommonapp/bing_images_india_student_dataset/india/activity/school_club_membership_certificate_india/26.jpg,OK
India,en,activity,student_activity,school club membership certificate India,https://images.template.net/174632/Golf-Club-Membership-Certificate-Template-edit-online.png,/Users/yiweili/Documents/EZcommonapp/bing_images_india_student_dataset/india/activity/school_club_membership_certificate_india/27.png,OK
India,en,activity,student_activity,school club membership certificate India,https://images.twinkl.co.uk/tw1n/image/private/t_630_eco/image_repo/ce/75/T-M-684-School-Club-Membership-Cards.jpg,/Users/yiweili/Documents/EZcommonapp/bing_images_india_student_dataset/india/activity/school_club_membership_certificate_india/28.jpg,OK
India,en,activity,student_activity,school club membership certificate India,https://imgv2-1-f.scribdassets.com/img/document/737888700/original/e01b24556e/1?v=1,/Users/yiweili/Documents/EZcommonapp/bing_images_india_student_dataset/india/activity/school_club_membership_certificate_india/29.jpg,OK
India,en,activity,student_activity,school club membership certificate India,http://jkseducation.com/wp-content/uploads/2017/07/MEMBER-SHIP.jpg,/Users/yiweili/Documents/EZcommonapp/bing_images_india_student_dataset/india/activity/school_club_membership_certificate_india/30.jpg,OK
India,en,activity,student_activity,school club membership certificate India,http://certificatesinn.com/wp-content/uploads/2023/03/School-art-society-membership-certificate-1CRC.png,/Users/yiweili/Documents/EZcommonapp/bing_images_india_student_dataset/india/activity/school_club_membership_certificate_india/31.png,OK
India,en,activity,student_activity,school club membership certificate India,https://images.template.net/53566/Sports-Membership-Certificate-Template-880.jpg,/Users/yiweili/Documents/EZcommonapp/bing_images_india_student_dataset/india/activity/school_club_membership_certificate_india/32.jpg,OK
India,en,activity,student_activity,school club membership certificate India,http://www.successcertificates.com/wp-content/uploads/image/certificate_images/clubmembership20001.jpg,/Users/yiweili/Documents/EZcommonapp/bing_images_india_student_dataset/india/activity/school_club_membership_certificate_india/33.jpg,OK
India,en,activity,student_activity,school club membership certificate India,https://memberclicks.com/wp-content/uploads/2021/12/membership-certificate-generic-vertical-859x1024.png,/Users/yiweili/Documents/EZcommonapp/bing_images_india_student_dataset/india/activity/school_club_membership_certificate_india/34.png,OK
India,en,activity,student_activity,school club membership certificate India,https://thegraceladies.com/wp-content/uploads/2022/03/grace-ladiesglobal-club-membership-certificate-neha-dewalkar.png,/Users/yiweili/Documents/EZcommonapp/bing_images_india_student_dataset/india/activity/school_club_membership_certificate_india/35.png,OK
India,en,activity,student_activity,school club membership certificate India,https://imgv2-1-f.scribdassets.com/img/document/820498604/original/ebcccfbff2/1?v=1,/Users/yiweili/Documents/EZcommonapp/bing_images_india_student_dataset/india/activity/school_club_membership_certificate_india/36.jpg,OK
India,en,activity,student_activity,school club membership certificate India,https://images.template.net/82/Free-Club-Membership-Certificate-Template.jpeg,/Users/yiweili/Documents/EZcommonapp/bing_images_india_student_dataset/india/activity/school_club_membership_certificate_india/37.jpeg,OK
India,en,activity,student_activity,school club membership certificate India,https://images.besttemplates.com/3520/Club-Membership-Certificate-Template-600x424.jpg,/Users/yiweili/Documents/EZcommonapp/bing_images_india_student_dataset/india/activity/school_club_membership_certificate_india/38.jpg,OK
India,en,activity,student_activity,school club membership certificate India,https://certifier.io/_next/image?url=https:%2F%2Fres.cloudinary.com%2Fcertifier%2Fimage%2Fupload%2Fv1682507112%2Fmembership_certificate_templates_Certifier_blog_honorary_society_membership_certificate_1df373d505.png&w=1920&q=75,/Users/yiweili/Documents/EZcommonapp/bing_images_india_student_dataset/india/activity/school_club_membership_certificate_india/39.jpg,OK
India,en,activity,student_activity,school club membership certificate India,https://www.cmaoi.org/images/certificate1.jpeg,/Users/yiweili/Documents/EZcommonapp/bing_images_india_student_dataset/india/activity/school_club_membership_certificate_india/40.jpeg,OK
India,en,activity,student_activity,school club membership certificate India,https://snckollam.ac.in/kezoofti/2022/12/IIC.png,/Users/yiweili/Documents/EZcommonapp/bing_images_india_student_dataset/india/activity/school_club_membership_certificate_india/41.png,OK
India,en,activity,student_activity,school club membership certificate India,https://i0.wp.com/thegraceladies.com/wp-content/uploads/2022/06/grace-ladies-global-club-membership-certificate.png?ssl=1,/Users/yiweili/Documents/EZcommonapp/bing_images_india_student_dataset/india/activity/school_club_membership_certificate_india/42.png,OK
India,en,activity,student_activity,school club membership certificate India,https://images.template.net/514514/Stylish-Membership-Degree-Certificate-Template-edit-online.png,/Users/yiweili/Documents/EZcommonapp/bing_images_india_student_dataset/india/activity/school_club_membership_certificate_india/43.png,OK
India,en,activity,student_activity,school club membership certificate India,https://memberclicks.com/wp-content/uploads/2021/12/sports-club-membership-certificate.png,/Users/yiweili/Documents/EZcommonapp/bing_images_india_student_dataset/india/activity/school_club_membership_certificate_india/44.png,OK
India,en,activity,student_activity,school club membership certificate India,https://www.templatenum.com/wp-content/uploads/free-membership-certificate-templates-distribution-tips_0.jpeg,/Users/yiweili/Documents/EZcommonapp/bing_images_india_student_dataset/india/activity/school_club_membership_certificate_india/45.jpeg,OK
India,en,activity,student_activity,school club membership certificate India,https://assets-global.website-files.com/625d41a24ba26520fa739e33/65b83fbafea4de6d4a21eb34_iwTdDhZtWDkgTScBrtPySYURALLzZTIDxvI_V0uGMDwEt8kTYlhqhHsExfRXGzWHoS_kVbgWFZ24T_2O5jNZ3pQc1ai_COJxmTpXpyFuIbqgCVr5PKwbaeOZhmCnesHbwAHiyJU93Ai38QnsoFjyrMQ.jpeg,/Users/yiweili/Documents/EZcommonapp/bing_images_india_student_dataset/india/activity/school_club_membership_certificate_india/46.jpeg,OK
India,en,activity,student_activity,school club membership certificate India,https://res.cloudinary.com/certifier/image/upload/v1682507107/membership_certificate_templates_Certifier_blog_capital_contributions_certificate_2b3d31f48f.png,/Users/yiweili/Documents/EZcommonapp/bing_images_india_student_dataset/india/activity/school_club_membership_certificate_india/47.png,OK
India,en,activity,student_activity,school club membership certificate India,https://www.templatenum.com/wp-content/uploads/best-membership-certificate-templates-free-amp-editable.png,/Users/yiweili/Documents/EZcommonapp/bing_images_india_student_dataset/india/activity/school_club_membership_certificate_india/48.png,OK
India,en,activity,student_activity,school club membership certificate India,https://sathiyakaathi.org/images/icse_certificate.jpg,/Users/yiweili/Documents/EZcommonapp/bing_images_india_student_dataset/india/activity/school_club_membership_certificate_india/49.jpg,OK
India,en,activity,student_activity,school club membership certificate India,https://certifier.io/_next/image?url=https:%2F%2Fres.cloudinary.com%2Fcertifier%2Fimage%2Fupload%2Fv1682507116%2Fmembership_certificate_templates_Certifier_blog_registration_of_membership_certificate_81c75fbe4d.png&w=1920&q=75,/Users/yiweili/Documents/EZcommonapp/bing_images_india_student_dataset/india/activity/school_club_membership_certificate_india/50.jpg,OK
India,en,activity,student_activity,school club membership certificate India,https://imgv2-1-f.scribdassets.com/img/document/744928664/original/d6068ac125/1722964942?v=1,/Users/yiweili/Documents/EZcommonapp/bing_images_india_student_dataset/india/activity/school_club_membership_certificate_india/51.jpg,OK
India,en,activity,student_activity,school club membership certificate India,https://images.template.net/278345/Nonprofit-Organization-Membership-Certificate-Template-edit-online.png,/Users/yiweili/Documents/EZcommonapp/bing_images_india_student_dataset/india/activity/school_club_membership_certificate_india/52.png,OK
India,en,activity,student_activity,school club membership certificate India,https://prakashcollege.in/wp-content/uploads/2024/05/2.Boxing-Inter-Collegiate-Certificate.jpeg,/Users/yiweili/Documents/EZcommonapp/bing_images_india_student_dataset/india/activity/school_club_membership_certificate_india/53.jpeg,OK
India,en,activity,student_activity,school club membership certificate India,https://imgv2-2-f.scribdassets.com/img/document/811638498/original/3c5f4b591c/1?v=1,/Users/yiweili/Documents/EZcommonapp/bing_images_india_student_dataset/india/activity/school_club_membership_certificate_india/54.jpg,OK
India,en,activity,student_activity,school club membership certificate India,https://images.template.net/514590/Fancy-VIP-Membership-Certificate-Template-edit-online.png,/Users/yiweili/Documents/EZcommonapp/bing_images_india_student_dataset/india/activity/school_club_membership_certificate_india/55.png,OK
India,en,activity,student_activity,school club membership certificate India,https://images.template.net/514560/LLC-Membership-Certificate-Template-edit-online.png,/Users/yiweili/Documents/EZcommonapp/bing_images_india_student_dataset/india/activity/school_club_membership_certificate_india/56.png,OK
India,en,activity,student_activity,school club membership certificate India,https://imgv2-2-f.scribdassets.com/img/document/795834447/original/361bf6c239/1?v=1,/Users/yiweili/Documents/EZcommonapp/bing_images_india_student_dataset/india/activity/school_club_membership_certificate_india/57.jpg,OK
India,en,activity,student_activity,school club membership certificate India,https://memberclicks.com/wp-content/uploads/2021/12/PTA-membership-certificate-1024x668.png,/Users/yiweili/Documents/EZcommonapp/bing_images_india_student_dataset/india/activity/school_club_membership_certificate_india/58.png,OK
India,en,activity,student_activity,school club membership certificate India,https://imgv2-1-f.scribdassets.com/img/document/640687867/original/fe817a3b06/1701126991?v=1,/Users/yiweili/Documents/EZcommonapp/bing_images_india_student_dataset/india/activity/school_club_membership_certificate_india/59.jpg,OK
India,en,activity,student_activity,community service certificate student India,https://images.template.net/474473/Community-Service-Certificate-for-College-Students-Template-edit-online.png,/Users/yiweili/Documents/EZcommonapp/bing_images_india_student_dataset/india/activity/community_service_certificate_student_india/0.png,OK
India,en,activity,student_activity,community service certificate student India,https://images.template.net/473828/Community-Service-Certificate-for-Students-Template-edit-online.png,/Users/yiweili/Documents/EZcommonapp/bing_images_india_student_dataset/india/activity/community_service_certificate_student_india/1.png,OK
India,en,activity,student_activity,community service certificate student India,https://blogassets.leverageedu.com/blog/wp-content/uploads/2021/05/Community-Certificate-195x300.jpg,/Users/yiweili/Documents/EZcommonapp/bing_images_india_student_dataset/india/activity/community_service_certificate_student_india/2.jpg,OK
India,en,activity,student_activity,community service certificate student India,https://images.template.net/473587/Community-Service-Certificate-Template-edit-online.png,/Users/yiweili/Documents/EZcommonapp/bing_images_india_student_dataset/india/activity/community_service_certificate_student_india/3.png,OK
India,en,activity,student_activity,community service certificate student India,https://blogassets.leverageedu.com/blog/wp-content/uploads/2021/02/1_Community-Certificate-760x475.png,/Users/yiweili/Documents/EZcommonapp/bing_images_india_student_dataset/india/activity/community_service_certificate_student_india/4.png,OK
India,en,activity,student_activity,community service certificate student India,https://images.template.net/499927/Community-Service-Appreciation-Certificate-Template-edit-online.png,/Users/yiweili/Documents/EZcommonapp/bing_images_india_student_dataset/india/activity/community_service_certificate_student_india/5.png,OK
India,en,activity,student_activity,community service certificate student India,https://images.template.net/475407/Sample-Community-Service-Certificate-Template-edit-online.png,/Users/yiweili/Documents/EZcommonapp/bing_images_india_student_dataset/india/activity/community_service_certificate_student_india/6.png,OK
India,en,activity,student_activity,community service certificate student India,https://images.template.net/473823/Printable-Community-Service-Certificate-Template-edit-online.png,/Users/yiweili/Documents/EZcommonapp/bing_images_india_student_dataset/india/activity/community_service_certificate_student_india/7.png,OK
India,en,activity,student_activity,community service certificate student India,https://images.template.net/474086/Community-Service-Certificate-for-School-Template-edit-online.png,/Users/yiweili/Documents/EZcommonapp/bing_images_india_student_dataset/india/activity/community_service_certificate_student_india/8.png,OK
India,en,activity,student_activity,community service certificate student India,https://i.etsystatic.com/41081018/r/il/39f62e/6511495873/il_fullxfull.6511495873_84vb.jpg,/Users/yiweili/Documents/EZcommonapp/bing_images_india_student_dataset/india/activity/community_service_certificate_student_india/9.jpg,OK
India,en,activity,student_activity,community service certificate student India,https://images.template.net/474360/Creative-Community-Service-Certificate-Template-edit-online.png,/Users/yiweili/Documents/EZcommonapp/bing_images_india_student_dataset/india/activity/community_service_certificate_student_india/10.png,OK
India,en,activity,student_activity,community service certificate student India,https://images.template.net/473831/Community-Service-Certificate-with-Hours-Rendered-Template-edit-online.png,/Users/yiweili/Documents/EZcommonapp/bing_images_india_student_dataset/india/activity/community_service_certificate_student_india/11.png,OK
India,en,activity,student_activity,community service certificate student India,http://certificatesinn.com/wp-content/uploads/2022/11/Community-service-certificate-5CRC.png,/Users/yiweili/Documents/EZcommonapp/bing_images_india_student_dataset/india/activity/community_service_certificate_student_india/12.png,OK
India,en,activity,student_activity,community service certificate student India,https://images.template.net/473959/Editable-Community-Service-Certificate-Template-edit-online.png,/Users/yiweili/Documents/EZcommonapp/bing_images_india_student_dataset/india/activity/community_service_certificate_student_india/13.png,OK
India,en,activity,student_activity,community service certificate student India,https://www.101certificatetemplates.com/wp-content/uploads/2021/08/community-service-certificates-3.jpg,/Users/yiweili/Documents/EZcommonapp/bing_images_india_student_dataset/india/activity/community_service_certificate_student_india/14.jpg,OK
India,en,activity,student_activity,community service certificate student India,https://images.template.net/474362/Minimalist-Community-Service-Certificate-Template-edit-online.png,/Users/yiweili/Documents/EZcommonapp/bing_images_india_student_dataset/india/activity/community_service_certificate_student_india/15.png,OK
India,en,activity,student_activity,community service certificate student India,http://certificatesinn.com/wp-content/uploads/2022/11/Community-service-certificate-1CRC.png,/Users/yiweili/Documents/EZcommonapp/bing_images_india_student_dataset/india/activity/community_service_certificate_student_india/16.png,OK
India,en,activity,student_activity,community service certificate student India,https://images.template.net/474222/Community-Service-Certificate-with-Shield-Template-edit-online.png,/Users/yiweili/Documents/EZcommonapp/bing_images_india_student_dataset/india/activity/community_service_certificate_student_india/17.png,OK
India,en,activity,student_activity,community service certificate student India,https://cdn.jotfor.ms/templates/screenshot/pdf-templates/community-service-certificate-template.png?w=310&v=219623915,/Users/yiweili/Documents/EZcommonapp/bing_images_india_student_dataset/india/activity/community_service_certificate_student_india/18.png,OK
India,en,activity,student_activity,community service certificate student India,https://data.templateroller.com/pdf_docs_html/60/605/60597/community-service-certificate-template_print_big.png,/Users/yiweili/Documents/EZcommonapp/bing_images_india_student_dataset/india/activity/community_service_certificate_student_india/19.png,OK
India,en,activity,student_activity,community service certificate student India,https://www.101certificatetemplates.com/wp-content/uploads/2021/08/community-service-award-certificates-600x397.jpg,/Users/yiweili/Documents/EZcommonapp/bing_images_india_student_dataset/india/activity/community_service_certificate_student_india/20.jpg,OK
India,en,activity,student_activity,community service certificate student India,https://images.template.net/459021/Community-Center-Appreciation-Certificate-Template-edit-online.png,/Users/yiweili/Documents/EZcommonapp/bing_images_india_student_dataset/india/activity/community_service_certificate_student_india/21.png,OK
India,en,activity,student_activity,community service certificate student India,https://images.template.net/473833/Certificate-for-NGO-Community-Service-Template-edit-online.png,/Users/yiweili/Documents/EZcommonapp/bing_images_india_student_dataset/india/activity/community_service_certificate_student_india/22.png,OK
India,en,activity,student_activity,community service certificate student India,https://www.pdffiller.com/preview/101/251/101251193.png,/Users/yiweili/Documents/EZcommonapp/bing_images_india_student_dataset/india/activity/community_service_certificate_student_india/23.png,OK
India,en,activity,student_activity,community service certificate student India,https://data.templateroller.com/pdf_docs_html/60/605/60596/community-service-certificate-template_print_big.png,/Users/yiweili/Documents/EZcommonapp/bing_images_india_student_dataset/india/activity/community_service_certificate_student_india/24.png,OK
India,en,activity,student_activity,community service certificate student India,https://images.template.net/475430/Community-Service-Certificate-of-Appreciation-Template-edit-online.png,/Users/yiweili/Documents/EZcommonapp/bing_images_india_student_dataset/india/activity/community_service_certificate_student_india/25.png,OK
India,en,activity,student_activity,community service certificate student India,https://images.template.net/474427/Aesthetic-Community-Service-Certificate-Template-edit-online.png,/Users/yiweili/Documents/EZcommonapp/bing_images_india_student_dataset/india/activity/community_service_certificate_student_india/26.png,OK
India,en,activity,student_activity,community service certificate student India,https://www.101certificatetemplates.com/wp-content/uploads/2021/08/community-service-award-certificate-600x479.jpg,/Users/yiweili/Documents/EZcommonapp/bing_images_india_student_dataset/india/activity/community_service_certificate_student_india/27.jpg,OK
India,en,activity,student_activity,community service certificate student India,https://images.template.net/473830/Community-Service-Award-Certificate-Template-edit-online.png,/Users/yiweili/Documents/EZcommonapp/bing_images_india_student_dataset/india/activity/community_service_certificate_student_india/28.png,OK
India,en,activity,student_activity,community service certificate student India,https://images.template.net/462391/Community-Service-Certificate-Letter-Template-edit-online.png,/Users/yiweili/Documents/EZcommonapp/bing_images_india_student_dataset/india/activity/community_service_certificate_student_india/29.png,OK
India,en,activity,student_activity,community service certificate student India,https://www.heritagechristiancollege.com/wp-content/uploads/2019/05/community-service-certificate-template-free-of-sample-certificate-recognition-for-munity-service-of-community-service-certificate-template-free.jpg,/Users/yiweili/Documents/EZcommonapp/bing_images_india_student_dataset/india/activity/community_service_certificate_student_india/30.jpg,OK
India,en,activity,student_activity,community service certificate student India,https://images.template.net/474257/Green-Community-Service-Certificate-Template-edit-online.png,/Users/yiweili/Documents/EZcommonapp/bing_images_india_student_dataset/india/activity/community_service_certificate_student_india/31.png,OK
India,en,activity,student_activity,community service certificate student India,https://www.101certificatetemplates.com/wp-content/uploads/2021/08/community-service-certificates-600x469.jpg,/Users/yiweili/Documents/EZcommonapp/bing_images_india_student_dataset/india/activity/community_service_certificate_student_india/32.jpg,OK
India,en,activity,student_activity,community service certificate student India,https://images.template.net/386000/Outstanding-Volunteer-Certificate-Template-edit-online.png,/Users/yiweili/Documents/EZcommonapp/bing_images_india_student_dataset/india/activity/community_service_certificate_student_india/33.png,OK
India,en,activity,student_activity,community service certificate student India,https://kb.roboticseducation.org/hc/article_attachments/4967155312407/mceclip0.png,/Users/yiweili/Documents/EZcommonapp/bing_images_india_student_dataset/india/activity/community_service_certificate_student_india/34.png,OK
India,en,activity,student_activity,community service certificate student India,https://5.imimg.com/data5/SELLER/Default/2023/11/360681149/KB/AJ/ZV/34602965/community-certificate-500x500.png,/Users/yiweili/Documents/EZcommonapp/bing_images_india_student_dataset/india/activity/community_service_certificate_student_india/35.png,OK
India,en,activity,student_activity,community service certificate student India,https://blogassets.leverageedu.com/blog/wp-content/uploads/2021/05/Community-Certificate-380x583.jpg,/Users/yiweili/Documents/EZcommonapp/bing_images_india_student_dataset/india/activity/community_service_certificate_student_india/36.jpg,OK
India,en,activity,student_activity,community service certificate student India,https://media.licdn.com/dms/image/D4D22AQEFEHJN0927Zg/feedshare-shrink_800/0/1707140874236?e=2147483647&v=beta&t=9bLjV0qF20SJIGDXubPZBAsNVO614Eg0JwacNkkfujU,,HTTP_400
India,en,activity,student_activity,community service certificate student India,https://cdn.jotfor.ms/templates/screenshot/pdf-templates/community-service-certificate-template.png?v=1579735586,/Users/yiweili/Documents/EZcommonapp/bing_images_india_student_dataset/india/activity/community_service_certificate_student_india/37.png,OK
India,en,activity,student_activity,community service certificate student India,https://files.jotform.com/jotformapps/community-service-certificate-template-6aeb52275775ee43f354d2107830e720_og.png,/Users/yiweili/Documents/EZcommonapp/bing_images_india_student_dataset/india/activity/community_service_certificate_student_india/38.png,OK
India,en,activity,student_activity,community service certificate student India,https://imgv2-2-f.scribdassets.com/img/document/431186315/original/9f7b687181/1689661064?v=1,/Users/yiweili/Documents/EZcommonapp/bing_images_india_student_dataset/india/activity/community_service_certificate_student_india/39.jpg,OK
India,en,activity,student_activity,community service certificate student India,https://certificatesinn.com/wp-content/uploads/2022/11/Community-service-certificate-4CRC.png,/Users/yiweili/Documents/EZcommonapp/bing_images_india_student_dataset/india/activity/community_service_certificate_student_india/40.png,OK
India,en,activity,student_activity,community service certificate student India,https://imgv2-2-f.scribdassets.com/img/document/696044677/original/e0410f4f48/1?v=1,/Users/yiweili/Documents/EZcommonapp/bing_images_india_student_dataset/india/activity/community_service_certificate_student_india/41.jpg,OK
India,en,activity,student_activity,community service certificate student India,https://sendcertificates.com/wp-content/uploads/2024/12/9841455-edited-scaled.jpg,,HTTP_404
India,en,activity,student_activity,community service certificate student India,https://res.cloudinary.com/certifier/image/upload/v1733855724/large_482_Award_formal_blue_portrait_62046c53be.png,/Users/yiweili/Documents/EZcommonapp/bing_images_india_student_dataset/india/activity/community_service_certificate_student_india/42.png,OK
India,en,activity,student_activity,community service certificate student India,https://i.etsystatic.com/41081018/r/il/ec2de9/6463393036/il_794xN.6463393036_m4z4.jpg,/Users/yiweili/Documents/EZcommonapp/bing_images_india_student_dataset/india/activity/community_service_certificate_student_india/43.jpg,OK
India,en,activity,student_activity,community service certificate student India,https://upliftingourselves.com/wp-content/uploads/2019/11/tack-a.jpg,/Users/yiweili/Documents/EZcommonapp/bing_images_india_student_dataset/india/activity/community_service_certificate_student_india/44.jpg,OK
India,en,activity,student_activity,community service certificate student India,https://images.template.net/474307/Community-Service-Certificate-Background-Template-edit-online.png,/Users/yiweili/Documents/EZcommonapp/bing_images_india_student_dataset/india/activity/community_service_certificate_student_india/45.png,OK
India,en,activity,student_activity,community service certificate student India,http://certificatesinn.com/wp-content/uploads/2022/11/Community-service-certificate-3CRC.png,/Users/yiweili/Documents/EZcommonapp/bing_images_india_student_dataset/india/activity/community_service_certificate_student_india/46.png,OK
India,en,activity,student_activity,community service certificate student India,https://i.etsystatic.com/27861032/r/il/85e1f9/5750345102/il_fullxfull.5750345102_izc8.jpg,/Users/yiweili/Documents/EZcommonapp/bing_images_india_student_dataset/india/activity/community_service_certificate_student_india/47.jpg,OK
India,en,activity,student_activity,community service certificate student India,https://images.template.net/52960/Free-Community-Service-Certificate-Template-1.jpg,/Users/yiweili/Documents/EZcommonapp/bing_images_india_student_dataset/india/activity/community_service_certificate_student_india/48.jpg,OK
India,en,activity,student_activity,community service certificate student India,https://images.template.net/474160/Girl-Scout-Community-Service-Certificate-Template-edit-online.png,/Users/yiweili/Documents/EZcommonapp/bing_images_india_student_dataset/india/activity/community_service_certificate_student_india/49.png,OK
India,en,activity,student_activity,community service certificate student India,https://certificatesinn.com/wp-content/uploads/2022/11/Community-service-certificate-1CRC-300x232.png,/Users/yiweili/Documents/EZcommonapp/bing_images_india_student_dataset/india/activity/community_service_certificate_student_india/50.png,OK
India,en,activity,student_activity,community service certificate student India,https://i.pinimg.com/736x/4c/8d/45/4c8d4584eb2ba545c36f8de58df89fc6.jpg,/Users/yiweili/Documents/EZcommonapp/bing_images_india_student_dataset/india/activity/community_service_certificate_student_india/51.jpg,OK
India,en,activity,student_activity,community service certificate student India,https://indiacsr.in/wp-content/uploads/2022/09/Student-Community-Service-program.jpg,/Users/yiweili/Documents/EZcommonapp/bing_images_india_student_dataset/india/activity/community_service_certificate_student_india/52.jpg,OK
India,en,activity,student_activity,community service certificate student India,https://data.templateroller.com/pdf_docs_html/43/438/43861/community-service-award-certificate-template_print_big.png,/Users/yiweili/Documents/EZcommonapp/bing_images_india_student_dataset/india/activity/community_service_certificate_student_india/53.png,OK
India,en,activity,student_activity,community service certificate student India,https://images.template.net/475414/Colorful-Community-Service-Certificate-Template-edit-online.png,/Users/yiweili/Documents/EZcommonapp/bing_images_india_student_dataset/india/activity/community_service_certificate_student_india/54.png,OK
India,en,activity,student_activity,community service certificate student India,https://images.template.net/474224/Boy-Scouts-Community-Service-Certificate-Template-edit-online.png,/Users/yiweili/Documents/EZcommonapp/bing_images_india_student_dataset/india/activity/community_service_certificate_student_india/55.png,OK
India,en,activity,student_activity,community service certificate student India,https://www.heritagechristiancollege.com/wp-content/uploads/2019/05/community-service-certificate-template-free-of-munity-service-award-certificate-work-recognition-of-community-service-certificate-template-free.gif,/Users/yiweili/Documents/EZcommonapp/bing_images_india_student_dataset/india/activity/community_service_certificate_student_india/56.jpg,OK
India,en,activity,student_activity,community service certificate student India,https://images.template.net/474031/Gold-Design-Community-Service-Certificate-Template-edit-online.png,/Users/yiweili/Documents/EZcommonapp/bing_images_india_student_dataset/india/activity/community_service_certificate_student_india/57.png,OK
India,en,activity,student_activity,community service certificate student India,https://imgv2-1-f.scribdassets.com/img/document/722349536/original/4316d97368/1?v=1,/Users/yiweili/Documents/EZcommonapp/bing_images_india_student_dataset/india/activity/community_service_certificate_student_india/58.jpg,OK
India,en,activity,student_activity,community service certificate student India,https://i.pinimg.com/originals/ea/46/73/ea4673d32156e2d3dee6f29291e8387c.jpg,/Users/yiweili/Documents/EZcommonapp/bing_images_india_student_dataset/india/activity/community_service_certificate_student_india/59.jpg,OK
India,en,honor,award,merit certificate school India,https://www.maneckjicooperschool.org/wp-content/uploads/2023/09/1-copy.jpg,/Users/yiweili/Documents/EZcommonapp/bing_images_india_student_dataset/india/honor/merit_certificate_school_india/0.jpg,OK
India,en,honor,award,merit certificate school India,https://www.maneckjicooperschool.org/wp-content/uploads/2023/09/1c-copy.jpg,/Users/yiweili/Documents/EZcommonapp/bing_images_india_student_dataset/india/honor/merit_certificate_school_india/1.jpg,OK
India,en,honor,award,merit certificate school India,https://meerutpublicschool.edu.in/shastri_nagar/images/india-school-merit-awards.jpg,/Users/yiweili/Documents/EZcommonapp/bing_images_india_student_dataset/india/honor/merit_certificate_school_india/2.jpg,OK
India,en,honor,award,merit certificate school India,https://i.pinimg.com/736x/ba/72/70/ba72708e7a375bd1f7c51e3a3c61d28a.jpg,/Users/yiweili/Documents/EZcommonapp/bing_images_india_student_dataset/india/honor/merit_certificate_school_india/3.jpg,OK
India,en,honor,award,merit certificate school India,https://3.imimg.com/data3/BS/YA/MY-10789275/certificate-of-merit.jpg,/Users/yiweili/Documents/EZcommonapp/bing_images_india_student_dataset/india/honor/merit_certificate_school_india/4.jpg,OK
India,en,honor,award,merit certificate school India,https://www.scottishigh.com/wp-content/uploads/2021/05/India-School-Merit-Awards-by-Education-Today-2020.jpg,/Users/yiweili/Documents/EZcommonapp/bing_images_india_student_dataset/india/honor/merit_certificate_school_india/5.jpg,OK
India,en,honor,award,merit certificate school India,https://www.maneckjicooperschool.org/wp-content/uploads/2023/09/1b-copy.jpg,/Users/yiweili/Documents/EZcommonapp/bing_images_india_student_dataset/india/honor/merit_certificate_school_india/6.jpg,OK
India,en,honor,award,merit certificate school India,https://candorschool.edu.in/wp-content/uploads/2025/01/472604276_972331924920229_4417298427369998567_n-768x768.jpg,/Users/yiweili/Documents/EZcommonapp/bing_images_india_student_dataset/india/honor/merit_certificate_school_india/7.jpg,OK
India,en,honor,award,merit certificate school India,http://www.ashrampublicschool.edu.in/wp-content/uploads/2021/07/merit-certificates-6.jpg,/Users/yiweili/Documents/EZcommonapp/bing_images_india_student_dataset/india/honor/merit_certificate_school_india/8.jpg,OK
India,en,honor,award,merit certificate school India,https://www.gjgs.ac.in/wp-content/uploads/2021/11/Certificate-of-Merit.jpg,/Users/yiweili/Documents/EZcommonapp/bing_images_india_student_dataset/india/honor/merit_certificate_school_india/9.jpg,OK
India,en,honor,award,merit certificate school India,https://modernschoolfbd.com/assets/img/events/The-Modern-School-Faridabad-north-india-school-merit-award-1.png,/Users/yiweili/Documents/EZcommonapp/bing_images_india_student_dataset/india/honor/merit_certificate_school_india/10.png,OK
India,en,honor,award,merit certificate school India,https://3.imimg.com/data3/IR/QM/MY-10789275/certificate-of-merit-500x500.jpg,/Users/yiweili/Documents/EZcommonapp/bing_images_india_student_dataset/india/honor/merit_certificate_school_india/11.jpg,OK
India,en,honor,award,merit certificate school India,https://image.slidesharecdn.com/certificateofmerit-180410093123/75/certificate-of-merit-1-2048.jpg?cb=1668018694,/Users/yiweili/Documents/EZcommonapp/bing_images_india_student_dataset/india/honor/merit_certificate_school_india/12.jpg,OK
India,en,honor,award,merit certificate school India,https://www.akshara.in/wp-content/uploads/2024/02/ISMA-1024x576.png,/Users/yiweili/Documents/EZcommonapp/bing_images_india_student_dataset/india/honor/merit_certificate_school_india/13.png,OK
India,en,honor,award,merit certificate school India,https://nishat.edu.pk/wp-content/uploads/2017/05/2008-1-ok.jpg,/Users/yiweili/Documents/EZcommonapp/bing_images_india_student_dataset/india/honor/merit_certificate_school_india/14.jpg,OK
India,en,honor,award,merit certificate school India,https://3.imimg.com/data3/SH/LW/MY-10789275/certificate-of-merit-500x500.jpg,/Users/yiweili/Documents/EZcommonapp/bing_images_india_student_dataset/india/honor/merit_certificate_school_india/15.jpg,OK
India,en,honor,award,merit certificate school India,https://nishat.edu.pk/wp-content/uploads/2017/05/2015-1-ok.jpg,/Users/yiweili/Documents/EZcommonapp/bing_images_india_student_dataset/india/honor/merit_certificate_school_india/16.jpg,OK
India,en,honor,award,merit certificate school India,https://i.ytimg.com/vi/ZlzwibQLxWk/maxresdefault.jpg,/Users/yiweili/Documents/EZcommonapp/bing_images_india_student_dataset/india/honor/merit_certificate_school_india/17.jpg,OK
India,en,honor,award,merit certificate school India,https://www.maneckjicooperschool.org/wp-content/uploads/2023/09/6.png,/Users/yiweili/Documents/EZcommonapp/bing_images_india_student_dataset/india/honor/merit_certificate_school_india/18.png,OK
India,en,honor,award,merit certificate school India,https://sathiyakaathi.org/images/icse_certificate.jpg,/Users/yiweili/Documents/EZcommonapp/bing_images_india_student_dataset/india/honor/merit_certificate_school_india/19.jpg,OK
India,en,honor,award,merit certificate school India,https://k12news.co.in/wp-content/uploads/2023/09/mann2.jpeg,/Users/yiweili/Documents/EZcommonapp/bing_images_india_student_dataset/india/honor/merit_certificate_school_india/20.jpeg,OK
India,en,honor,award,merit certificate school India,https://www.maneckjicooperschool.org/wp-content/uploads/2023/09/3-2-742x1024.png,/Users/yiweili/Documents/EZcommonapp/bing_images_india_student_dataset/india/honor/merit_certificate_school_india/21.png,OK
India,en,honor,award,merit certificate school India,https://www.parletilakvidyalayaassociation.com/wp-content/uploads/2024/01/education-today-trophy-2023.jpeg,/Users/yiweili/Documents/EZcommonapp/bing_images_india_student_dataset/india/honor/merit_certificate_school_india/22.jpeg,OK
India,en,honor,award,merit certificate school India,https://i0.wp.com/www.scottishigh.com/wp-content/uploads/2020/01/India-School-Merit-Award-2019-1-scaled.jpg,/Users/yiweili/Documents/EZcommonapp/bing_images_india_student_dataset/india/honor/merit_certificate_school_india/23.jpg,OK
India,en,honor,award,merit certificate school India,https://cloud9.shauryasoft.com/media/contentpage_95_41_10.jpg,/Users/yiweili/Documents/EZcommonapp/bing_images_india_student_dataset/india/honor/merit_certificate_school_india/24.jpg,OK
India,en,honor,award,merit certificate school India,https://www.scottishigh.com/wp-content/uploads/2020/01/India-School-Merit-Award-2019-2-scaled.jpg,/Users/yiweili/Documents/EZcommonapp/bing_images_india_student_dataset/india/honor/merit_certificate_school_india/25.jpg,OK
India,en,honor,award,merit certificate school India,https://d1csarkz8obe9u.cloudfront.net/posterpreviews/certificate-of-merit-in-a-subject-school-design-template-9b1ebd326ace3ac75f39759412c2fd92_screen.jpg?ts=1688960765,/Users/yiweili/Documents/EZcommonapp/bing_images_india_student_dataset/india/honor/merit_certificate_school_india/26.jpg,OK
India,en,honor,award,merit certificate school India,https://3.bp.blogspot.com/_odeEY4DPHXU/TQ4YQ0nxhnI/AAAAAAAAAA8/kI5nQlzbc9Y/s1600/merit1.jpg,/Users/yiweili/Documents/EZcommonapp/bing_images_india_student_dataset/india/honor/merit_certificate_school_india/27.jpg,OK
India,en,honor,award,merit certificate school India,https://images.sampletemplates.com/wp-content/uploads/2016/06/22182138/Student-Merit-Certificate-Template.jpg,/Users/yiweili/Documents/EZcommonapp/bing_images_india_student_dataset/india/honor/merit_certificate_school_india/28.jpg,OK
India,en,honor,award,merit certificate school India,https://images.template.net/175827/School-Certificate-of-Merit-Template-edit-online.png,/Users/yiweili/Documents/EZcommonapp/bing_images_india_student_dataset/india/honor/merit_certificate_school_india/29.png,OK
India,en,honor,award,merit certificate school India,https://www.rcsc.ac.in/pdf/awards/934942922_Merit_Certificate_Shivam.jpg,/Users/yiweili/Documents/EZcommonapp/bing_images_india_student_dataset/india/honor/merit_certificate_school_india/30.jpg,OK
India,en,honor,award,merit certificate school India,https://images.template.net/235085/Sample-Merit-Award-Certificate-Template-edit-online.png,/Users/yiweili/Documents/EZcommonapp/bing_images_india_student_dataset/india/honor/merit_certificate_school_india/31.png,OK
India,en,honor,award,merit certificate school India,https://www.mmpublicschool.com/upload/certificates/1549638912.jpg,/Users/yiweili/Documents/EZcommonapp/bing_images_india_student_dataset/india/honor/merit_certificate_school_india/32.jpg,OK
India,en,honor,award,merit certificate school India,https://i.pinimg.com/originals/de/ad/32/dead324c61d35b3354efadf5c5d83943.jpg,/Users/yiweili/Documents/EZcommonapp/bing_images_india_student_dataset/india/honor/merit_certificate_school_india/33.jpg,OK
India,en,honor,award,merit certificate school India,http://tws.edu.in/wp-content/uploads/2018/01/sample-of-merit-certificate-certificate-of-merit-template.jpg,/Users/yiweili/Documents/EZcommonapp/bing_images_india_student_dataset/india/honor/merit_certificate_school_india/34.jpg,OK
India,en,honor,award,merit certificate school India,https://krpet.schoolofindia.com/img/2017-18-gallery/Talent-at-schoolofindia/merit-award-soi.jpg,/Users/yiweili/Documents/EZcommonapp/bing_images_india_student_dataset/india/honor/merit_certificate_school_india/35.jpg,OK
India,en,honor,award,merit certificate school India,http://www.ashrampublicschool.edu.in/wp-content/uploads/2021/07/merit-certificates-3.jpg,/Users/yiweili/Documents/EZcommonapp/bing_images_india_student_dataset/india/honor/merit_certificate_school_india/36.jpg,OK
India,en,honor,award,merit certificate school India,https://imgv2-1-f.scribdassets.com/img/document/488104909/original/51a617c0e3/1?v=1,/Users/yiweili/Documents/EZcommonapp/bing_images_india_student_dataset/india/honor/merit_certificate_school_india/37.jpg,OK
India,en,honor,award,merit certificate school India,https://www.pws.edu.in/assets/img/Awards-honours/pws/education-world-certificate-of-merit-2010.jpg,/Users/yiweili/Documents/EZcommonapp/bing_images_india_student_dataset/india/honor/merit_certificate_school_india/38.jpg,OK
India,en,honor,award,merit certificate school India,https://3.imimg.com/data3/IR/QM/MY-10789275/certificate-of-merit.jpg,/Users/yiweili/Documents/EZcommonapp/bing_images_india_student_dataset/india/honor/merit_certificate_school_india/39.jpg,OK
India,en,honor,award,merit certificate school India,https://edunext-main-storage-cf.edunexttechnologies.com/arise/school___static/1713949148010_Certificate_of_Merit_and_Appreciation_from_Youth_United_Council_of_India_duly_signed_by_Ex_Mission_Director_of_ISRO_Shri_T_K_Sundaramurthy.jpg,/Users/yiweili/Documents/EZcommonapp/bing_images_india_student_dataset/india/honor/merit_certificate_school_india/40.jpg,OK
India,en,honor,award,merit certificate school India,https://bkbck.edu.in/files/award_and_certificate/attachment/14/Aavishkar - Certificate of Merit by University of Mumbai_page-0001.jpg,,"ERR_('Connection aborted.', ConnectionResetE"
India,en,honor,award,merit certificate school India,https://3.bp.blogspot.com/-1PzGlCJVU7s/Wf3WUi_DkFI/AAAAAAAAAsA/tpjP57LzG4wZneCLk-RLXiKa85GF3_segCLcBGAs/s1600/GTC_certificate_VI%2BCLASS_02.jpg,/Users/yiweili/Documents/EZcommonapp/bing_images_india_student_dataset/india/honor/merit_certificate_school_india/41.jpg,OK
India,en,honor,award,merit certificate school India,https://cloud9.shauryasoft.com/media/contentpage_95_41_9.jpg,/Users/yiweili/Documents/EZcommonapp/bing_images_india_student_dataset/india/honor/merit_certificate_school_india/42.jpg,OK
India,en,honor,award,merit certificate school India,https://www.madeeasy.in/Uploads/image/1026imguf_india-school-merit-award.jpg,/Users/yiweili/Documents/EZcommonapp/bing_images_india_student_dataset/india/honor/merit_certificate_school_india/43.jpg,OK
India,en,honor,award,merit certificate school India,https://assets.thehansindia.com/h-upload/2023/10/15/1389405-students.jpg,/Users/yiweili/Documents/EZcommonapp/bing_images_india_student_dataset/india/honor/merit_certificate_school_india/44.jpg,OK
India,en,honor,award,merit certificate school India,https://3.imimg.com/data3/BS/YA/MY-10789275/certificate-of-merit-1000x1000.jpg,/Users/yiweili/Documents/EZcommonapp/bing_images_india_student_dataset/india/honor/merit_certificate_school_india/45.jpg,OK
India,en,honor,award,merit certificate school India,https://i0.wp.com/scottishigh.com/wp-content/uploads/2021/05/India-School-Merit-Awards-by-Education-Today-2020.jpg,/Users/yiweili/Documents/EZcommonapp/bing_images_india_student_dataset/india/honor/merit_certificate_school_india/46.jpg,OK
India,en,honor,award,merit certificate school India,https://nishat.edu.pk/wp-content/uploads/2017/05/2009-ok.jpg,/Users/yiweili/Documents/EZcommonapp/bing_images_india_student_dataset/india/honor/merit_certificate_school_india/47.jpg,OK
India,en,honor,award,merit certificate school India,https://www.maneckjicooperschool.org/wp-content/uploads/2023/09/3-2-600x828.png,/Users/yiweili/Documents/EZcommonapp/bing_images_india_student_dataset/india/honor/merit_certificate_school_india/48.png,OK
India,en,honor,award,merit certificate school India,https://www.rishikulvidyapeeth.edu.in/sites/default/files/award-1.jpg,/Users/yiweili/Documents/EZcommonapp/bing_images_india_student_dataset/india/honor/merit_certificate_school_india/49.jpg,OK
India,en,honor,award,merit certificate school India,https://www.vydehischool.com/vse/wp-content/uploads/2019/12/1-2.jpg,/Users/yiweili/Documents/EZcommonapp/bing_images_india_student_dataset/india/honor/merit_certificate_school_india/50.jpg,OK
India,en,honor,award,merit certificate school India,https://nishat.edu.pk/wp-content/uploads/2017/05/2014-ok.jpg,/Users/yiweili/Documents/EZcommonapp/bing_images_india_student_dataset/india/honor/merit_certificate_school_india/51.jpg,OK
India,en,honor,award,merit certificate school India,https://nishat.edu.pk/wp-content/uploads/2017/05/2010-ok.jpg,/Users/yiweili/Documents/EZcommonapp/bing_images_india_student_dataset/india/honor/merit_certificate_school_india/52.jpg,OK
India,en,honor,award,merit certificate school India,https://imgv2-1-f.scribdassets.com/img/document/651009160/original/d82fb0468a/1689693140?v=1,/Users/yiweili/Documents/EZcommonapp/bing_images_india_student_dataset/india/honor/merit_certificate_school_india/53.jpg,OK
India,en,honor,award,merit certificate school India,https://davidbauro.weebly.com/uploads/1/6/6/9/16692384/3189486_orig.jpg,/Users/yiweili/Documents/EZcommonapp/bing_images_india_student_dataset/india/honor/merit_certificate_school_india/54.jpg,OK
India,en,honor,award,merit certificate school India,https://www.ryangroup.org/public/images/front_end/Awards/INDIA'S-SCHOOL-MERIT-AWARD-IN-2017_1617630782.jpg,/Users/yiweili/Documents/EZcommonapp/bing_images_india_student_dataset/india/honor/merit_certificate_school_india/55.jpg,OK
India,en,honor,award,merit certificate school India,https://coreldrawdesign.com/resources/thumbnails/thumbnail-1757318614.webp,/Users/yiweili/Documents/EZcommonapp/bing_images_india_student_dataset/india/honor/merit_certificate_school_india/56.webp,OK
India,en,honor,award,merit certificate school India,https://coreldrawdesign.com/resources/previews/preview-free-public-school-merit-certificate-cdr-template-download-1757320291.webp,/Users/yiweili/Documents/EZcommonapp/bing_images_india_student_dataset/india/honor/merit_certificate_school_india/57.webp,OK
India,en,honor,award,merit certificate school India,https://cloud9.shauryasoft.com/media/contentpage_95_41_8.jpg,/Users/yiweili/Documents/EZcommonapp/bing_images_india_student_dataset/india/honor/merit_certificate_school_india/58.jpg,OK
India,en,honor,award,merit certificate school India,https://www.wordstemplates.org/wp-content/uploads/2021/06/Merit-Certificate-Template-PDF.jpg,/Users/yiweili/Documents/EZcommonapp/bing_images_india_student_dataset/india/honor/merit_certificate_school_india/59.jpg,OK
India,en,honor,award,school topper certificate CBSE India,https://www.dpsriyadh.org/wp-content/uploads/2024/02/Faiz-Topper-scaled.jpg,/Users/yiweili/Documents/EZcommonapp/bing_images_india_student_dataset/india/honor/school_topper_certificate_cbse_india/0.jpg,OK
India,en,honor,award,school topper certificate CBSE India,https://indianschool.com/upload/imgs/3vu5TPQHH4mcNC2rWkyQr1T6Xfnjymtrw8IridmK.jpg,/Users/yiweili/Documents/EZcommonapp/bing_images_india_student_dataset/india/honor/school_topper_certificate_cbse_india/1.jpg,OK
India,en,honor,award,school topper certificate CBSE India,http://nisvcbse.in/wp-content/uploads/2024/05/CBSE-TOPPER-GR-10-2025-20x20-F.jpg,/Users/yiweili/Documents/EZcommonapp/bing_images_india_student_dataset/india/honor/school_topper_certificate_cbse_india/2.jpg,OK
India,en,honor,award,school topper certificate CBSE India,https://edii.in/assets/img/gallery/edii-cbse-topper-2025.jpg,/Users/yiweili/Documents/EZcommonapp/bing_images_india_student_dataset/india/honor/school_topper_certificate_cbse_india/3.jpg,OK
India,en,honor,award,school topper certificate CBSE India,https://globalpublicschool.org/wp-content/uploads/school-topper-X-1024x1024.webp,/Users/yiweili/Documents/EZcommonapp/bing_images_india_student_dataset/india/honor/school_topper_certificate_cbse_india/4.webp,OK
India,en,honor,award,school topper certificate CBSE India,https://www.apeejay.edu/nerul/images/result/2023-24/CBSE-Class-X-Toppers-24.jpg,/Users/yiweili/Documents/EZcommonapp/bing_images_india_student_dataset/india/honor/school_topper_certificate_cbse_india/5.jpg,OK
India,en,honor,award,school topper certificate CBSE India,https://cache.careers360.mobi/media/article_images/2025/4/24/CBSE-Class-12-Topper-List-2025.jpg,/Users/yiweili/Documents/EZcommonapp/bing_images_india_student_dataset/india/honor/school_topper_certificate_cbse_india/6.jpg,OK
India,en,honor,award,school topper certificate CBSE India,https://sbpatilschool.com/sbpatilprimary/images/achievers/CBSE-Grade-X-toppers-2023-24.JPG,/Users/yiweili/Documents/EZcommonapp/bing_images_india_student_dataset/india/honor/school_topper_certificate_cbse_india/7.jpg,OK
India,en,honor,award,school topper certificate CBSE India,https://www.cbseguidanceweb.com/wp-content/uploads/2025/05/Secondary-School-Examination-Class-X-2025-1_page-0001-1-1024x791.jpg,/Users/yiweili/Documents/EZcommonapp/bing_images_india_student_dataset/india/honor/school_topper_certificate_cbse_india/8.jpg,OK
India,en,honor,award,school topper certificate CBSE India,https://www.svis.school/wp-content/uploads/2023/07/Toppers-in-CBSE-Grade-XII-Results-2022-23-1024x1024.jpg,,HTTP_404
India,en,honor,award,school topper certificate CBSE India,https://www.gemsourownenglishboys-sharjah.com/-/media/project/gems/oob_gems_our_own_english_high_school_sharjah_boys/_generic-content-images/gr-12-toppers/img1.jpg?h=450&w=650&hash=0999533E8F1A01427312A2CEDCC13AA3,/Users/yiweili/Documents/EZcommonapp/bing_images_india_student_dataset/india/honor/school_topper_certificate_cbse_india/9.jpg,OK
India,en,honor,award,school topper certificate CBSE India,http://www.e-paolive.net/galleries/images/misc/2012/05/MOHAMMAD-ISMAT-CBSE-2012-Topper.gif,/Users/yiweili/Documents/EZcommonapp/bing_images_india_student_dataset/india/honor/school_topper_certificate_cbse_india/10.jpg,OK
India,en,honor,award,school topper certificate CBSE India,https://cache.careers360.mobi/media/articles/uploads/froala_editor/images/2025/5/13/cbse-board-class-10-result-out-featured-image.jpeg,/Users/yiweili/Documents/EZcommonapp/bing_images_india_student_dataset/india/honor/school_topper_certificate_cbse_india/11.jpeg,OK
India,en,honor,award,school topper certificate CBSE India,https://www.podareducation.org/Uploads/mainsite/latestnews/results20222023/1.jpg,/Users/yiweili/Documents/EZcommonapp/bing_images_india_student_dataset/india/honor/school_topper_certificate_cbse_india/12.jpg,OK
India,en,honor,award,school topper certificate CBSE India,https://sbpatilschool.com/sbpatilprimary/images/achievers/CBSE-Grade-X-toppers-2020-21.jpg,/Users/yiweili/Documents/EZcommonapp/bing_images_india_student_dataset/india/honor/school_topper_certificate_cbse_india/13.jpg,OK
India,en,honor,award,school topper certificate CBSE India,https://img.jagranjosh.com/images/2025/May/1452025/WhatsApp-Image-2025-05-14-at-12-compressed.jpg,/Users/yiweili/Documents/EZcommonapp/bing_images_india_student_dataset/india/honor/school_topper_certificate_cbse_india/14.jpg,OK
India,en,honor,award,school topper certificate CBSE India,https://blogmedia.testbook.com/blog/wp-content/uploads/2025/05/cbse-2nd-12th-topper-2025-2-653329be.jpg,/Users/yiweili/Documents/EZcommonapp/bing_images_india_student_dataset/india/honor/school_topper_certificate_cbse_india/15.jpg,OK
India,en,honor,award,school topper certificate CBSE India,https://cloud9.shauryasoft.com/media/wcp-2308081328-2134438779-2.jpg,/Users/yiweili/Documents/EZcommonapp/bing_images_india_student_dataset/india/honor/school_topper_certificate_cbse_india/16.jpg,OK
India,en,honor,award,school topper certificate CBSE India,https://neweraschool.co.in/wp-content/uploads/2024/01/83065291_2816147571806434_946798576598515712_n.jpg,/Users/yiweili/Documents/EZcommonapp/bing_images_india_student_dataset/india/honor/school_topper_certificate_cbse_india/17.jpg,OK
India,en,honor,award,school topper certificate CBSE India,https://www.mmpublicschool.com/upload/certificates/20211028_1635427427_9.jpg,/Users/yiweili/Documents/EZcommonapp/bing_images_india_student_dataset/india/honor/school_topper_certificate_cbse_india/18.jpg,OK
India,en,honor,award,school topper certificate CBSE India,https://i0.wp.com/princeeduhubblog.com/wp-content/uploads/2023/05/WhatsApp-Image-2023-05-12-at-4.17.58-PM-1024x1024.jpeg?resize=1024%2C1024&ssl=1,/Users/yiweili/Documents/EZcommonapp/bing_images_india_student_dataset/india/honor/school_topper_certificate_cbse_india/19.jpeg,OK
India,en,honor,award,school topper certificate CBSE India,https://img.jagranjosh.com/images/2025/May/1352025/Cbse7-compressed.jpg,/Users/yiweili/Documents/EZcommonapp/bing_images_india_student_dataset/india/honor/school_topper_certificate_cbse_india/20.jpg,OK
India,en,honor,award,school topper certificate CBSE India,https://www.mmpublicschool.com/upload/certificates/1549639113.jpg,/Users/yiweili/Documents/EZcommonapp/bing_images_india_student_dataset/india/honor/school_topper_certificate_cbse_india/21.jpg,OK
India,en,honor,award,school topper certificate CBSE India,https://www.mmpublicschool.com/upload/certificates/1549710494.jpg,/Users/yiweili/Documents/EZcommonapp/bing_images_india_student_dataset/india/honor/school_topper_certificate_cbse_india/22.jpg,OK
India,en,honor,award,school topper certificate CBSE India,https://www.apeejay.edu/jalandhar/images/result/2022/class-xii/CBSE-class-xii-non-medical-toppers.jpg,/Users/yiweili/Documents/EZcommonapp/bing_images_india_student_dataset/india/honor/school_topper_certificate_cbse_india/23.jpg,OK
India,en,honor,award,school topper certificate CBSE India,https://cache.careers360.mobi/media/presets/1200X675/article_images/2025/4/24/CBSE-Class-10-Topper-2025-Merit-List_1_IfAU3Mr.jpg,/Users/yiweili/Documents/EZcommonapp/bing_images_india_student_dataset/india/honor/school_topper_certificate_cbse_india/24.jpg,OK
India,en,honor,award,school topper certificate CBSE India,https://images.indianexpress.com/2019/05/topper759-1.jpg?resize=600,/Users/yiweili/Documents/EZcommonapp/bing_images_india_student_dataset/india/honor/school_topper_certificate_cbse_india/25.jpg,OK
India,en,honor,award,school topper certificate CBSE India,https://img.jagranjosh.com/images/2023/May/1252023/cbse-10-12-toppers-list-2023.webp,/Users/yiweili/Documents/EZcommonapp/bing_images_india_student_dataset/india/honor/school_topper_certificate_cbse_india/26.webp,OK
India,en,honor,award,school topper certificate CBSE India,https://sarkarilist.in/wp-content/uploads/2023/04/CBSE-Class-10-Topper-List-608x342.png,/Users/yiweili/Documents/EZcommonapp/bing_images_india_student_dataset/india/honor/school_topper_certificate_cbse_india/27.png,OK
India,en,honor,award,school topper certificate CBSE India,https://mma.prnewswire.com/media/2412304/CBSE_Toppers.jpg?p=facebook,/Users/yiweili/Documents/EZcommonapp/bing_images_india_student_dataset/india/honor/school_topper_certificate_cbse_india/28.jpg,OK
India,en,honor,award,school topper certificate CBSE India,https://www.maneckjicooperschool.org/wp-content/uploads/2023/09/3-2-742x1024.png,/Users/yiweili/Documents/EZcommonapp/bing_images_india_student_dataset/india/honor/school_topper_certificate_cbse_india/29.png,OK
India,en,honor,award,school topper certificate CBSE India,https://i0.wp.com/apeejay.news/wp-content/uploads/2023/05/1705-results-PP-23-1.jpg?fit=800%2C600&ssl=1,/Users/yiweili/Documents/EZcommonapp/bing_images_india_student_dataset/india/honor/school_topper_certificate_cbse_india/30.jpg,OK
India,en,honor,award,school topper certificate CBSE India,https://www.svis.school/wp-content/uploads/2023/07/Toppers-in-CBSE-Grade-X-Results-2022-23.jpg,,HTTP_404
India,en,honor,award,school topper certificate CBSE India,https://www.laureateshimla.com/wp-content/uploads/2024/05/WhatsApp-Image-2024-05-14-at-3.12.50-PM.jpeg,/Users/yiweili/Documents/EZcommonapp/bing_images_india_student_dataset/india/honor/school_topper_certificate_cbse_india/31.jpeg,OK
India,en,honor,award,school topper certificate CBSE India,https://www.vgos.org/public/frontend/images/banner/TOP ACHIEVERS_CBSE_WEB BANNER-min.jpg,/Users/yiweili/Documents/EZcommonapp/bing_images_india_student_dataset/india/honor/school_topper_certificate_cbse_india/32.jpg,OK
India,en,honor,award,school topper certificate CBSE India,https://cloud9.shauryasoft.com/media/wcp-2405151436-0801087605-2.jpg,/Users/yiweili/Documents/EZcommonapp/bing_images_india_student_dataset/india/honor/school_topper_certificate_cbse_india/33.jpg,OK
India,en,honor,award,school topper certificate CBSE India,https://lookaside.instagram.com/seo/google_widget/crawler/?media_id=3633970675435566461,/Users/yiweili/Documents/EZcommonapp/bing_images_india_student_dataset/india/honor/school_topper_certificate_cbse_india/34.jpg,OK
India,en,honor,award,school topper certificate CBSE India,https://globalpublicschool.org/wp-content/uploads/School-toppers-XII-1.webp,/Users/yiweili/Documents/EZcommonapp/bing_images_india_student_dataset/india/honor/school_topper_certificate_cbse_india/35.webp,OK
India,en,honor,award,school topper certificate CBSE India,https://imgv2-2-f.scribdassets.com/img/document/424579010/original/335c0791c4/1628458009?v=1,/Users/yiweili/Documents/EZcommonapp/bing_images_india_student_dataset/india/honor/school_topper_certificate_cbse_india/36.jpg,OK
India,en,honor,award,school topper certificate CBSE India,http://fosterbillabong.net/wp-content/uploads/2020/01/0.jpg,,ERR_HTTPConnectionPool(host='fosterbillabong
India,en,honor,award,school topper certificate CBSE India,https://www.mmpublicschool.com/upload/certificates/1549638912.jpg,/Users/yiweili/Documents/EZcommonapp/bing_images_india_student_dataset/india/honor/school_topper_certificate_cbse_india/37.jpg,OK
India,en,honor,award,school topper certificate CBSE India,https://jharkhandstatenews.com/assets/admin/uploads/topstory_img/775266_1483513895.jpg,/Users/yiweili/Documents/EZcommonapp/bing_images_india_student_dataset/india/honor/school_topper_certificate_cbse_india/38.jpg,OK
India,en,honor,award,school topper certificate CBSE India,https://www.apeejay.edu/jalandhar/images/result/2022/class-xii/CBSE-class-xii-school-toppers.jpg,/Users/yiweili/Documents/EZcommonapp/bing_images_india_student_dataset/india/honor/school_topper_certificate_cbse_india/39.jpg,OK
India,en,honor,award,school topper certificate CBSE India,https://dpsbopal-ahd.edu.in/wp-content/uploads/2025/05/Who-is-the-Topper-of-CBSE-2025.jpeg,/Users/yiweili/Documents/EZcommonapp/bing_images_india_student_dataset/india/honor/school_topper_certificate_cbse_india/40.jpeg,OK
India,en,honor,award,school topper certificate CBSE India,https://www.apeejay.edu/jalandhar/images/result/2023-24/Class-XII/class-XII-humanities-toppers.jpeg,/Users/yiweili/Documents/EZcommonapp/bing_images_india_student_dataset/india/honor/school_topper_certificate_cbse_india/41.jpeg,OK
India,en,honor,award,school topper certificate CBSE India,https://www.gemsourownenglishboys-sharjah.com/-/media/project/gems/oob_gems_our_own_english_high_school_sharjah_boys/_generic-content-images/gr-12-toppers/img2.jpg,/Users/yiweili/Documents/EZcommonapp/bing_images_india_student_dataset/india/honor/school_topper_certificate_cbse_india/42.jpg,OK
India,en,honor,award,school topper certificate CBSE India,https://www.mmpublicschool.com/upload/certificates/1549706866.jpg,,"ERR_('Connection aborted.', RemoteDisconnect"
India,en,honor,award,school topper certificate CBSE India,https://cloud9.shauryasoft.com/media/wcp-2405151503-1487223058-1.jpg,/Users/yiweili/Documents/EZcommonapp/bing_images_india_student_dataset/india/honor/school_topper_certificate_cbse_india/43.jpg,OK
India,en,honor,award,school topper certificate CBSE India,https://www.tibetanjournal.com/wp-content/uploads/2020/12/Certificate-of-School-Academic-Excellent-Performance-awarded-by-CBSE.jpg,/Users/yiweili/Documents/EZcommonapp/bing_images_india_student_dataset/india/honor/school_topper_certificate_cbse_india/44.jpg,OK
India,en,honor,award,school topper certificate CBSE India,https://www.dpsindirapuram.com/upload/event/593881683923301.jpg,/Users/yiweili/Documents/EZcommonapp/bing_images_india_student_dataset/india/honor/school_topper_certificate_cbse_india/45.jpg,OK
India,en,honor,award,school topper certificate CBSE India,https://www.svis.school/wp-content/uploads/2023/07/CBSE-Grade-X-Results-2022-23.jpg,,HTTP_404
India,en,honor,award,school topper certificate CBSE India,https://globalpublicschool.org/wp-content/uploads/school-topper-cbse-10.jpg,/Users/yiweili/Documents/EZcommonapp/bing_images_india_student_dataset/india/honor/school_topper_certificate_cbse_india/46.jpg,OK
India,en,honor,award,school topper certificate CBSE India,https://www.ecoleglobale.com/blog/wp-content/uploads/2024/12/CBSE-Takes-Action-Against-Delhi-Schools-for-Forged-Land-Certificates-1024x768.jpg,/Users/yiweili/Documents/EZcommonapp/bing_images_india_student_dataset/india/honor/school_topper_certificate_cbse_india/47.jpg,OK
India,en,honor,award,school topper certificate CBSE India,"https://hindiimages.etnownews.com/photo/msid-151631564,imgsize-15290,updatedat-1656333986609,resizemode-75/151631564.jpg",/Users/yiweili/Documents/EZcommonapp/bing_images_india_student_dataset/india/honor/school_topper_certificate_cbse_india/48.jpg,OK
India,en,honor,award,school topper certificate CBSE India,https://i1.wp.com/brsburnpur.com/wp-content/uploads/2021/07/CBSE-CLASS-12-TOPPERS-2021.png?resize=1024%2C537&ssl=1,/Users/yiweili/Documents/EZcommonapp/bing_images_india_student_dataset/india/honor/school_topper_certificate_cbse_india/49.png,OK
India,en,honor,award,school topper certificate CBSE India,https://cloud9.shauryasoft.com/media/wcp-2308081328-2134438779-1.jpg,/Users/yiweili/Documents/EZcommonapp/bing_images_india_student_dataset/india/honor/school_topper_certificate_cbse_india/50.jpg,OK
India,en,honor,award,school topper certificate CBSE India,https://www.selfstudys.com/uploads/images/1zZJbVxGvriKeXje4fm0.jpg,/Users/yiweili/Documents/EZcommonapp/bing_images_india_student_dataset/india/honor/school_topper_certificate_cbse_india/51.jpg,OK
India,en,honor,award,school topper certificate CBSE India,https://mpseindia.in/wp-content/uploads/2025/05/CBSE-10th-Toper-List-2025.webp,/Users/yiweili/Documents/EZcommonapp/bing_images_india_student_dataset/india/honor/school_topper_certificate_cbse_india/52.webp,OK
India,en,honor,award,school topper certificate CBSE India,https://img.jagranjosh.com/images/2023/May/1252023/cbse-10-12-toppers-list-2023.jpg,/Users/yiweili/Documents/EZcommonapp/bing_images_india_student_dataset/india/honor/school_topper_certificate_cbse_india/53.jpg,OK
India,en,honor,award,school topper certificate CBSE India,https://sarkarilist.in/wp-content/uploads/2023/04/CBSE-Class-12-Topper-List.png,/Users/yiweili/Documents/EZcommonapp/bing_images_india_student_dataset/india/honor/school_topper_certificate_cbse_india/54.png,OK
India,en,honor,award,school topper certificate CBSE India,https://trbahadurpur.com/wp-content/uploads/2025/07/TR-Bahadurpur-1.jpg,/Users/yiweili/Documents/EZcommonapp/bing_images_india_student_dataset/india/honor/school_topper_certificate_cbse_india/55.jpg,OK
India,en,honor,award,school topper certificate CBSE India,https://crescentinternational.in/wp-content/uploads/2023/05/CESCENT1.jpg,/Users/yiweili/Documents/EZcommonapp/bing_images_india_student_dataset/india/honor/school_topper_certificate_cbse_india/56.jpg,OK
India,en,honor,award,school topper certificate CBSE India,https://images.catchnews.com/upload/2016/05/21/topper-image.jpg,/Users/yiweili/Documents/EZcommonapp/bing_images_india_student_dataset/india/honor/school_topper_certificate_cbse_india/57.jpg,OK
India,en,honor,award,school topper certificate CBSE India,https://jkbose-nic.org/wp-content/uploads/2023/05/20230507_113230_0000.webp,,ERR_HTTPSConnectionPool(host='jkbose-nic.org
India,en,honor,award,school topper certificate CBSE India,https://www.vgos.org/public/frontend/images/banner/TOP ACHIEVERS_CBSE GRADE 12_WEB BANNER-min.jpg,/Users/yiweili/Documents/EZcommonapp/bing_images_india_student_dataset/india/honor/school_topper_certificate_cbse_india/58.jpg,OK
India,en,honor,award,school topper certificate CBSE India,https://imgv2-1-f.scribdassets.com/img/document/645456634/original/7f059f3a66/1702004568?v=1,/Users/yiweili/Documents/EZcommonapp/bing_images_india_student_dataset/india/honor/school_topper_certificate_cbse_india/59.jpg,OK
India,en,honor,award,Olympiad certificate student India,https://saisevasangh.org/wp-content/uploads/2021/05/Green-Olympiad-Certificate-scaled.jpg,/Users/yiweili/Documents/EZcommonapp/bing_images_india_student_dataset/india/honor/olympiad_certificate_student_india/0.jpg,OK
India,en,honor,award,Olympiad certificate student India,https://imgv2-1-f.scribdassets.com/img/document/784779038/original/02a2864554/1?v=1,/Users/yiweili/Documents/EZcommonapp/bing_images_india_student_dataset/india/honor/olympiad_certificate_student_india/1.jpg,OK
India,en,honor,award,Olympiad certificate student India,https://www.rayaanpatel.in/wp-content/uploads/2024/05/Rayaan-Maths-Olympiad-Certificate.jpg,/Users/yiweili/Documents/EZcommonapp/bing_images_india_student_dataset/india/honor/olympiad_certificate_student_india/2.jpg,OK
India,en,honor,award,Olympiad certificate student India,https://lookaside.fbsbx.com/lookaside/crawler/media/?media_id=1444431424360110,/Users/yiweili/Documents/EZcommonapp/bing_images_india_student_dataset/india/honor/olympiad_certificate_student_india/3.jpg,OK
India,en,honor,award,Olympiad certificate student India,https://media.licdn.com/dms/image/v2/D5622AQEIoGdnyBqwew/feedshare-shrink_2048_1536/feedshare-shrink_2048_1536/0/1714551355060?e=2147483647&v=beta&t=SEHQ9vmb2AGRW1KQNwu2McH9lhuD1Wk3yZ9xngYF1jo,/Users/yiweili/Documents/EZcommonapp/bing_images_india_student_dataset/india/honor/olympiad_certificate_student_india/4.jpg,OK
India,en,honor,award,Olympiad certificate student India,https://imgv2-2-f.scribdassets.com/img/document/811787032/original/7e83e0d4e1/1?v=1,/Users/yiweili/Documents/EZcommonapp/bing_images_india_student_dataset/india/honor/olympiad_certificate_student_india/5.jpg,OK
India,en,honor,award,Olympiad certificate student India,https://imgv2-2-f.scribdassets.com/img/document/736258474/original/c808f8e8d0/1?v=1,/Users/yiweili/Documents/EZcommonapp/bing_images_india_student_dataset/india/honor/olympiad_certificate_student_india/6.jpg,OK
India,en,honor,award,Olympiad certificate student India,https://d21jfbz7ftz185.cloudfront.net/uploads/school/ITO-School-Brochure-2025-26.webp,/Users/yiweili/Documents/EZcommonapp/bing_images_india_student_dataset/india/honor/olympiad_certificate_student_india/7.webp,OK
India,en,honor,award,Olympiad certificate student India,https://kingsolympiad.in/uploads/post-images/image (39).png,/Users/yiweili/Documents/EZcommonapp/bing_images_india_student_dataset/india/honor/olympiad_certificate_student_india/8.png,OK
India,en,honor,award,Olympiad certificate student India,https://abrarahnafkarim.github.io/Abrar-Ahnaf-Karim/Math_Olympiad_2020.png,/Users/yiweili/Documents/EZcommonapp/bing_images_india_student_dataset/india/honor/olympiad_certificate_student_india/9.png,OK
India,en,honor,award,Olympiad certificate student India,https://spaceolympiad.com/wp-content/uploads/2024/01/Indian-Space-Science-Olympiad-2023-Certificate-Distribution-Edu-Mithra-61.jpg,/Users/yiweili/Documents/EZcommonapp/bing_images_india_student_dataset/india/honor/olympiad_certificate_student_india/10.jpg,OK
India,en,honor,award,Olympiad certificate student India,https://www.fabtemplatez.com/wp-content/uploads/2019/08/science-olympiad-certificate-template-29943egvu4u-indian-talent-olympiad-science-olympiad-certificate-template-6521602yyzexk.jpg,/Users/yiweili/Documents/EZcommonapp/bing_images_india_student_dataset/india/honor/olympiad_certificate_student_india/11.jpg,OK
India,en,honor,award,Olympiad certificate student India,https://news.globalindianschool.org/content/2019/june/national-science-olympiad.jpg,/Users/yiweili/Documents/EZcommonapp/bing_images_india_student_dataset/india/honor/olympiad_certificate_student_india/12.jpg,OK
India,en,honor,award,Olympiad certificate student India,https://vinayakgoel.com/images/certificates/c_3rd_4.png,/Users/yiweili/Documents/EZcommonapp/bing_images_india_student_dataset/india/honor/olympiad_certificate_student_india/13.png,OK
India,en,honor,award,Olympiad certificate student India,https://i.ytimg.com/vi/mNRGEK9UWuw/hqdefault.jpg,/Users/yiweili/Documents/EZcommonapp/bing_images_india_student_dataset/india/honor/olympiad_certificate_student_india/14.jpg,OK
India,en,honor,award,Olympiad certificate student India,https://media.licdn.com/dms/image/v2/D4E22AQF42sTss5PdzQ/feedshare-shrink_2048_1536/B4EZk8_QQiK0Aw-/0/1757664844945?e=2147483647&v=beta&t=k0fkU7kVQYXXqjvbb_InawAejdYcRdNZSQ2Iwdf33f8,/Users/yiweili/Documents/EZcommonapp/bing_images_india_student_dataset/india/honor/olympiad_certificate_student_india/15.jpg,OK
India,en,honor,award,Olympiad certificate student India,https://imgv2-1-f.scribdassets.com/img/document/736873997/original/67c96e079c/1?v=1,/Users/yiweili/Documents/EZcommonapp/bing_images_india_student_dataset/india/honor/olympiad_certificate_student_india/16.jpg,OK
India,en,honor,award,Olympiad certificate student India,https://imgv2-1-f.scribdassets.com/img/document/828334788/original/ca42c619df/1?v=1,/Users/yiweili/Documents/EZcommonapp/bing_images_india_student_dataset/india/honor/olympiad_certificate_student_india/17.jpg,OK
India,en,honor,award,Olympiad certificate student India,https://lookaside.fbsbx.com/lookaside/crawler/media/?media_id=807744694727858,/Users/yiweili/Documents/EZcommonapp/bing_images_india_student_dataset/india/honor/olympiad_certificate_student_india/18.jpg,OK
India,en,honor,award,Olympiad certificate student India,https://image.slidesharecdn.com/indiantalentolympiadslideshare-190518075006/75/Indian-Talent-Olympiad-Examinations-To-Identify-Student-s-Skills-1-2048.jpg,/Users/yiweili/Documents/EZcommonapp/bing_images_india_student_dataset/india/honor/olympiad_certificate_student_india/19.jpg,OK
India,en,honor,award,Olympiad certificate student India,https://image.slidesharecdn.com/indiantalentolympiad1-190527105200/85/Indian-Talent-Olympiad-Examinations-2019-1-320.jpg,/Users/yiweili/Documents/EZcommonapp/bing_images_india_student_dataset/india/honor/olympiad_certificate_student_india/20.jpg,OK
India,en,honor,award,Olympiad certificate student India,https://institute.careerguide.com/wp-content/uploads/2020/09/Taking-Risks-8.jpg,/Users/yiweili/Documents/EZcommonapp/bing_images_india_student_dataset/india/honor/olympiad_certificate_student_india/21.jpg,OK
India,en,honor,award,Olympiad certificate student India,https://olympiadindia.in/wp-content/uploads/2025/01/Copy-of-Blue-Light-Grey-and-Orange-Colorful-UI-Education-Bio-Link-Website-2.png,/Users/yiweili/Documents/EZcommonapp/bing_images_india_student_dataset/india/honor/olympiad_certificate_student_india/22.png,OK
India,en,honor,award,Olympiad certificate student India,https://d21jfbz7ftz185.cloudfront.net/assets/user_assets/images/home/olympiad-winner-trophy.webp,/Users/yiweili/Documents/EZcommonapp/bing_images_india_student_dataset/india/honor/olympiad_certificate_student_india/23.webp,OK
India,en,honor,award,Olympiad certificate student India,https://im.indiatimes.in/facebook/2018/Jul/india_physics_gold_medal_olympiad_competition_global_science_match_1532928876.jpg,/Users/yiweili/Documents/EZcommonapp/bing_images_india_student_dataset/india/honor/olympiad_certificate_student_india/24.jpg,OK
India,en,honor,award,Olympiad certificate student India,https://images.moneycontrol.com/static-mcnews/2023/07/Picture1TN8F-574x435.jpg,/Users/yiweili/Documents/EZcommonapp/bing_images_india_student_dataset/india/honor/olympiad_certificate_student_india/25.jpg,OK
India,en,honor,award,Olympiad certificate student India,https://images.template.net/400469/Olympics-Certificate-Template-edit-online.png,/Users/yiweili/Documents/EZcommonapp/bing_images_india_student_dataset/india/honor/olympiad_certificate_student_india/26.png,OK
India,en,honor,award,Olympiad certificate student India,https://geniuscerebrum.s3.us-east-2.amazonaws.com/images/appre.png,/Users/yiweili/Documents/EZcommonapp/bing_images_india_student_dataset/india/honor/olympiad_certificate_student_india/27.png,OK
India,en,honor,award,Olympiad certificate student India,https://formfees.com/wp-content/uploads/NExT-exam-The-Health-Ministry-has-requested-that-the-NMC-eliminate-the-expenses-for-the-July-28-simulated-test-40.png,/Users/yiweili/Documents/EZcommonapp/bing_images_india_student_dataset/india/honor/olympiad_certificate_student_india/28.png,OK
India,en,honor,award,Olympiad certificate student India,https://images.indianexpress.com/2023/07/Math-Olympiad.jpg?w=640,/Users/yiweili/Documents/EZcommonapp/bing_images_india_student_dataset/india/honor/olympiad_certificate_student_india/29.jpg,OK
India,en,honor,award,Olympiad certificate student India,"https://static.wixstatic.com/media/c3264c_6b678b4c4c19479ead14b8376620cd55~mv2.png/v1/fill/w_563,h_1000,al_c,q_90,usm_0.66_1.00_0.01/c3264c_6b678b4c4c19479ead14b8376620cd55~mv2.png",/Users/yiweili/Documents/EZcommonapp/bing_images_india_student_dataset/india/honor/olympiad_certificate_student_india/30.png,OK
India,en,honor,award,Olympiad certificate student India,https://abrarahnafkarim.github.io/Abrar-Ahnaf-Karim/physics_Olympiad.jpg,/Users/yiweili/Documents/EZcommonapp/bing_images_india_student_dataset/india/honor/olympiad_certificate_student_india/31.jpg,OK
India,en,honor,award,Olympiad certificate student India,https://www.gemsoo-alquoz.com/-/media/project/gems/ois_gems_our_own_indian_school_dubai/_generic-content-images/green-olympiad.jpg,/Users/yiweili/Documents/EZcommonapp/bing_images_india_student_dataset/india/honor/olympiad_certificate_student_india/32.jpg,OK
India,en,honor,award,Olympiad certificate student India,https://media.licdn.com/dms/image/v2/D5622AQFmHriV6zUHKQ/feedshare-shrink_2048_1536/B56ZPRD4Z8HIAo-/0/1734379277118?e=2147483647&v=beta&t=PoTut6C5fq6ZzKyRnaXE_6TiQsH5CbvzJSUrrKylplI,/Users/yiweili/Documents/EZcommonapp/bing_images_india_student_dataset/india/honor/olympiad_certificate_student_india/33.jpg,OK
India,en,honor,award,Olympiad certificate student India,https://blog.schoolconnectonline.com/wp-content/uploads/2024/05/olympiad-4.png,/Users/yiweili/Documents/EZcommonapp/bing_images_india_student_dataset/india/honor/olympiad_certificate_student_india/34.png,OK
India,en,honor,award,Olympiad certificate student India,https://sanskritikmv.in/wp-content/uploads/2021/05/1-759x1024.jpg,/Users/yiweili/Documents/EZcommonapp/bing_images_india_student_dataset/india/honor/olympiad_certificate_student_india/35.jpg,OK
India,en,honor,award,Olympiad certificate student India,https://www.xs.edu.ph/wp-content/uploads/2023/07/Certificate_Regidor_Ma._Ponferrada_54789789145551-1024x724.jpg,/Users/yiweili/Documents/EZcommonapp/bing_images_india_student_dataset/india/honor/olympiad_certificate_student_india/36.jpg,OK
India,en,honor,award,Olympiad certificate student India,http://www.merrylandinternational.net/newsite/wp-content/uploads/2023/12/YASSIN-CERTIFICATE_001.jpg,/Users/yiweili/Documents/EZcommonapp/bing_images_india_student_dataset/india/honor/olympiad_certificate_student_india/37.jpg,OK
India,en,honor,award,Olympiad certificate student India,https://www.indiantalent.org/assets/user_assets/custom/img/ito-award-winners.jpg,/Users/yiweili/Documents/EZcommonapp/bing_images_india_student_dataset/india/honor/olympiad_certificate_student_india/38.jpg,OK
India,en,honor,award,Olympiad certificate student India,https://st.adda247.com/https://currentaffairs.adda247.com/wp-content/uploads/multisite/sites/5/2024/07/31112140/India-Wins-Big-At-International-Physics-Chemistry-Olympiads.png,/Users/yiweili/Documents/EZcommonapp/bing_images_india_student_dataset/india/honor/olympiad_certificate_student_india/39.png,OK
India,en,honor,award,Olympiad certificate student India,https://d21jfbz7ftz185.cloudfront.net/uploads/school/ITO-Notice-Board-2025-26.webp,/Users/yiweili/Documents/EZcommonapp/bing_images_india_student_dataset/india/honor/olympiad_certificate_student_india/40.webp,OK
India,en,honor,award,Olympiad certificate student India,https://prepmed.in/public/uploads/blogs/malRPHbiLD0ZptPjqCRyJ7XJS4hZchaT7atMzhRI.jpg,/Users/yiweili/Documents/EZcommonapp/bing_images_india_student_dataset/india/honor/olympiad_certificate_student_india/41.jpg,OK
India,en,honor,award,Olympiad certificate student India,https://vinayakgoel.com/images/maths-2018.jpg,/Users/yiweili/Documents/EZcommonapp/bing_images_india_student_dataset/india/honor/olympiad_certificate_student_india/42.jpg,OK
India,en,honor,award,Olympiad certificate student India,https://st.adda247.com/https://currentaffairs.adda247.com/wp-content/uploads/multisite/sites/5/2024/07/17102600/India-Shines-At-35th-International-Biology-Olympiad-2024-In-Kazakhstan.png,/Users/yiweili/Documents/EZcommonapp/bing_images_india_student_dataset/india/honor/olympiad_certificate_student_india/43.png,OK
India,en,honor,award,Olympiad certificate student India,http://www.icho39.chem.msu.ru/downloads/certificate_gold.gif,/Users/yiweili/Documents/EZcommonapp/bing_images_india_student_dataset/india/honor/olympiad_certificate_student_india/44.jpg,OK
India,en,honor,award,Olympiad certificate student India,https://crestolympiads.co.uk/wp-content/uploads/2023/06/crest-awards.jpg,/Users/yiweili/Documents/EZcommonapp/bing_images_india_student_dataset/india/honor/olympiad_certificate_student_india/45.jpg,OK
India,en,honor,award,Olympiad certificate student India,https://i.ytimg.com/vi/r5dZDotC_Us/maxresdefault.jpg,/Users/yiweili/Documents/EZcommonapp/bing_images_india_student_dataset/india/honor/olympiad_certificate_student_india/46.jpg,OK
India,en,honor,award,Olympiad certificate student India,https://www.indiantalent.org/assets/user_assets/custom/img/vnit-banner.webp,/Users/yiweili/Documents/EZcommonapp/bing_images_india_student_dataset/india/honor/olympiad_certificate_student_india/47.webp,OK
India,en,honor,award,Olympiad certificate student India,https://d21jfbz7ftz185.cloudfront.net/assets/user_assets/images/home/ITO BROCHURE 2022-23.webp,/Users/yiweili/Documents/EZcommonapp/bing_images_india_student_dataset/india/honor/olympiad_certificate_student_india/48.webp,OK
India,en,honor,award,Olympiad certificate student India,https://new-admitcards-bucket.s3.amazonaws.com/s3fs-public/certficate-_academic_excellence_scholarship_.jpg,/Users/yiweili/Documents/EZcommonapp/bing_images_india_student_dataset/india/honor/olympiad_certificate_student_india/49.jpg,OK
India,en,honor,award,Olympiad certificate student India,https://images.indianexpress.com/2025/07/The-Indian-team-of-six-contestants-at-the-66th-IMO-held-at-Sunshine-Coast-Australia.png,/Users/yiweili/Documents/EZcommonapp/bing_images_india_student_dataset/india/honor/olympiad_certificate_student_india/50.png,OK
India,en,honor,award,Olympiad certificate student India,https://motion.ac.in/blog/wp-content/uploads/2023/06/List-of-Olympiad-Exams-in-India.jpg,/Users/yiweili/Documents/EZcommonapp/bing_images_india_student_dataset/india/honor/olympiad_certificate_student_india/51.jpg,OK
India,en,honor,award,Olympiad certificate student India,https://olympiadindia.in/wp-content/uploads/2024/05/3-1024x536.png,/Users/yiweili/Documents/EZcommonapp/bing_images_india_student_dataset/india/honor/olympiad_certificate_student_india/52.png,OK
India,en,honor,award,Olympiad certificate student India,https://elements-resized.envatousercontent.com/elements-preview-images/19a0786e-07d6-43bf-b123-356d4fba5ebf?w=632&cf_fit=scale-down&q=85&format=auto&s=7dad6d26d9707a5c54ee4a1c439a843d90a460129b61c297cd1ccfbf53ccee42,/Users/yiweili/Documents/EZcommonapp/bing_images_india_student_dataset/india/honor/olympiad_certificate_student_india/53.jpg,OK
India,en,honor,award,Olympiad certificate student India,https://www.contest.net.in/uploads/images2023/68220-2.jpg,/Users/yiweili/Documents/EZcommonapp/bing_images_india_student_dataset/india/honor/olympiad_certificate_student_india/54.jpg,OK
India,en,honor,award,Olympiad certificate student India,https://indianolympiad.in/assets/event1.jpg,/Users/yiweili/Documents/EZcommonapp/bing_images_india_student_dataset/india/honor/olympiad_certificate_student_india/55.jpg,OK
India,en,honor,award,Olympiad certificate student India,https://institute.careerguide.com/wp-content/uploads/2020/09/Taking-Risks-8-1024x576.jpg,/Users/yiweili/Documents/EZcommonapp/bing_images_india_student_dataset/india/honor/olympiad_certificate_student_india/56.jpg,OK
India,en,honor,award,Olympiad certificate student India,https://www.ogoolympiad.com/wp-content/uploads/2023/04/Rank-certificate.png,/Users/yiweili/Documents/EZcommonapp/bing_images_india_student_dataset/india/honor/olympiad_certificate_student_india/57.png,OK
India,en,honor,award,Olympiad certificate student India,https://www.practice-olympiad.com/images/achievers/certificate-silver-satyam-jul-2022.png,/Users/yiweili/Documents/EZcommonapp/bing_images_india_student_dataset/india/honor/olympiad_certificate_student_india/58.png,OK
India,en,honor,award,Olympiad certificate student India,https://www.podareducation.org/Uploads/kankavli/olympiadachievement20202021/1.jpg,/Users/yiweili/Documents/EZcommonapp/bing_images_india_student_dataset/india/honor/olympiad_certificate_student_india/59.jpg,OK
India,en,honor,award,NTSE scholarship certificate India,https://davmodeliitkgp.org/File/274/NTSE 22 2.jpeg,/Users/yiweili/Documents/EZcommonapp/bing_images_india_student_dataset/india/honor/ntse_scholarship_certificate_india/0.jpeg,OK
India,en,honor,award,NTSE scholarship certificate India,https://i.ytimg.com/vi/a4usltL1v2I/hqdefault.jpg,/Users/yiweili/Documents/EZcommonapp/bing_images_india_student_dataset/india/honor/ntse_scholarship_certificate_india/1.jpg,OK
India,en,honor,award,NTSE scholarship certificate India,https://skynet.ecn.purdue.edu/~kbhagtan/website/ntse.jpeg,,ERR_HTTPSConnectionPool(host='skynet.ecn.pur
India,en,honor,award,NTSE scholarship certificate India,https://www.cheggindia.com/wp-content/uploads/2023/06/NTSE-Scholarship_-Explore-Amount-Criteria-Eligibility-Disbursement-more-150x113.png,/Users/yiweili/Documents/EZcommonapp/bing_images_india_student_dataset/india/honor/ntse_scholarship_certificate_india/2.png,OK
India,en,honor,award,NTSE scholarship certificate India,https://i.ytimg.com/vi/zqTWzO7xbYY/hqdefault.jpg,/Users/yiweili/Documents/EZcommonapp/bing_images_india_student_dataset/india/honor/ntse_scholarship_certificate_india/3.jpg,OK
India,en,honor,award,NTSE scholarship certificate India,"https://www.oswaal360.com/pluginfile.php/1/blog/attachment/966/NTSE Scholarship Benefits, Amount  Selection Process Explained.jpg",/Users/yiweili/Documents/EZcommonapp/bing_images_india_student_dataset/india/honor/ntse_scholarship_certificate_india/4.jpg,OK
India,en,honor,award,NTSE scholarship certificate India,https://www.thepresidiumschool.com/news_image/0GGN-gymnastics-April-2018.jpg,/Users/yiweili/Documents/EZcommonapp/bing_images_india_student_dataset/india/honor/ntse_scholarship_certificate_india/5.jpg,OK
India,en,honor,award,NTSE scholarship certificate India,https://cdn1.byjus.com/wp-content/uploads/2021/11/NTSE-exam1.jpg,/Users/yiweili/Documents/EZcommonapp/bing_images_india_student_dataset/india/honor/ntse_scholarship_certificate_india/6.jpg,OK
India,en,honor,award,NTSE scholarship certificate India,https://arcarrierpoint.net/wp-content/uploads/2025/04/NTSE-Scholarship-Scheme-2025-1024x570.png,/Users/yiweili/Documents/EZcommonapp/bing_images_india_student_dataset/india/honor/ntse_scholarship_certificate_india/7.png,OK
India,en,honor,award,NTSE scholarship certificate India,https://cdn1.ntseguru.in/ckfinder.static/images/NTSE Scholarship.jpg,/Users/yiweili/Documents/EZcommonapp/bing_images_india_student_dataset/india/honor/ntse_scholarship_certificate_india/8.jpg,OK
India,en,honor,award,NTSE scholarship certificate India,https://i.ytimg.com/vi/le_qKggrhUg/maxresdefault.jpg,/Users/yiweili/Documents/EZcommonapp/bing_images_india_student_dataset/india/honor/ntse_scholarship_certificate_india/9.jpg,OK
India,en,honor,award,NTSE scholarship certificate India,https://www.ntseguru.in/ntseguru/assets/images/awards/award2.jpg,/Users/yiweili/Documents/EZcommonapp/bing_images_india_student_dataset/india/honor/ntse_scholarship_certificate_india/10.jpg,OK
India,en,honor,award,NTSE scholarship certificate India,https://i.ytimg.com/vi/bOfSZtpa5QE/maxresdefault.jpg,/Users/yiweili/Documents/EZcommonapp/bing_images_india_student_dataset/india/honor/ntse_scholarship_certificate_india/11.jpg,OK
India,en,honor,award,NTSE scholarship certificate India,https://i.ytimg.com/vi/68kNQx1Xfto/maxresdefault.jpg,/Users/yiweili/Documents/EZcommonapp/bing_images_india_student_dataset/india/honor/ntse_scholarship_certificate_india/12.jpg,OK
India,en,honor,award,NTSE scholarship certificate India,https://www.successcds.net/wp-content/uploads/2025/02/National-Talent-Search-Examination-480x240.jpeg,/Users/yiweili/Documents/EZcommonapp/bing_images_india_student_dataset/india/honor/ntse_scholarship_certificate_india/13.jpeg,OK
India,en,honor,award,NTSE scholarship certificate India,https://i.ytimg.com/vi/QAIBS_QdUTw/maxresdefault.jpg,/Users/yiweili/Documents/EZcommonapp/bing_images_india_student_dataset/india/honor/ntse_scholarship_certificate_india/14.jpg,OK
India,en,honor,award,NTSE scholarship certificate India,https://momentumcoaching.in/blogs/wp-content/uploads/2024/01/NTSE-Scholarship-Benefits-What-Every-Student-Should-Know.jpeg,/Users/yiweili/Documents/EZcommonapp/bing_images_india_student_dataset/india/honor/ntse_scholarship_certificate_india/15.jpeg,OK
India,en,honor,award,NTSE scholarship certificate India,https://www.scholarships.net.in/uploads/images2018/21818-10.jpg,/Users/yiweili/Documents/EZcommonapp/bing_images_india_student_dataset/india/honor/ntse_scholarship_certificate_india/16.jpg,OK
India,en,honor,award,NTSE scholarship certificate India,https://i0.wp.com/meritbatch.com/wp-content/uploads/2022/06/NTSE-Scholarship.png?fit=1200%2C675&ssl=1,/Users/yiweili/Documents/EZcommonapp/bing_images_india_student_dataset/india/honor/ntse_scholarship_certificate_india/17.png,OK
India,en,honor,award,NTSE scholarship certificate India,https://i0.wp.com/www.cbselabs.com/wp-content/uploads/2019/07/NTSE-Scholarship.png?w=560&ssl=1,/Users/yiweili/Documents/EZcommonapp/bing_images_india_student_dataset/india/honor/ntse_scholarship_certificate_india/18.png,OK
India,en,honor,award,NTSE scholarship certificate India,https://momentumcoaching.in/blogs/wp-content/uploads/2024/02/How-to-Achieve-Success-on-the-NTSE-Scholarship-Exam-and-Unlock-Opportunities-825x510.png,/Users/yiweili/Documents/EZcommonapp/bing_images_india_student_dataset/india/honor/ntse_scholarship_certificate_india/19.png,OK
India,en,honor,award,NTSE scholarship certificate India,https://askfilo.com/blog/wp-content/uploads/2021/10/NTSE-2-1024x576.jpg,/Users/yiweili/Documents/EZcommonapp/bing_images_india_student_dataset/india/honor/ntse_scholarship_certificate_india/20.jpg,OK
India,en,honor,award,NTSE scholarship certificate India,https://cache.careers360.mobi/media/presets/860X430/article_images/2021/12/15/NTSE-Scholarship.jpg,/Users/yiweili/Documents/EZcommonapp/bing_images_india_student_dataset/india/honor/ntse_scholarship_certificate_india/21.jpg,OK
India,en,honor,award,NTSE scholarship certificate India,https://www.catalyser.in/public/img/blog/Benefits-of-the-NTSE-Scholarship.jpg,/Users/yiweili/Documents/EZcommonapp/bing_images_india_student_dataset/india/honor/ntse_scholarship_certificate_india/22.jpg,OK
India,en,honor,award,NTSE scholarship certificate India,https://www.cheggindia.com/wp-content/uploads/2021/09/NTSE-Logo.jpg,/Users/yiweili/Documents/EZcommonapp/bing_images_india_student_dataset/india/honor/ntse_scholarship_certificate_india/23.jpg,OK
India,en,honor,award,NTSE scholarship certificate India,https://scholarshipexam.in/wp-content/uploads/2020/02/ntse-570x350.png,/Users/yiweili/Documents/EZcommonapp/bing_images_india_student_dataset/india/honor/ntse_scholarship_certificate_india/24.png,OK
India,en,honor,award,NTSE scholarship certificate India,https://live.careerlauncher.com/cbse-ncert/images/ntse-qualifier-dsk.jpg,/Users/yiweili/Documents/EZcommonapp/bing_images_india_student_dataset/india/honor/ntse_scholarship_certificate_india/25.jpg,OK
India,en,honor,award,NTSE scholarship certificate India,https://www.learncbse.in/wp-content/uploads/2019/07/NTSE-Scholarship-150x150.png,/Users/yiweili/Documents/EZcommonapp/bing_images_india_student_dataset/india/honor/ntse_scholarship_certificate_india/26.png,OK
India,en,honor,award,NTSE scholarship certificate India,https://ytrishi.in/wp-content/uploads/2021/11/scholarship.png,/Users/yiweili/Documents/EZcommonapp/bing_images_india_student_dataset/india/honor/ntse_scholarship_certificate_india/27.png,OK
India,en,honor,award,NTSE scholarship certificate India,https://d23hiuzhfk4xdw.cloudfront.net/wp-content/uploads/2023/11/30062620/header-ntse.webp,/Users/yiweili/Documents/EZcommonapp/bing_images_india_student_dataset/india/honor/ntse_scholarship_certificate_india/28.webp,OK
India,en,honor,award,NTSE scholarship certificate India,https://www.cheggindia.com/wp-content/uploads/2025/03/UniversalBlog_BG-768x378.png,/Users/yiweili/Documents/EZcommonapp/bing_images_india_student_dataset/india/honor/ntse_scholarship_certificate_india/29.png,OK
India,en,honor,award,NTSE scholarship certificate India,https://i.ytimg.com/vi/otAbcRXmlPU/maxresdefault.jpg,/Users/yiweili/Documents/EZcommonapp/bing_images_india_student_dataset/india/honor/ntse_scholarship_certificate_india/30.jpg,OK
India,en,honor,award,NTSE scholarship certificate India,https://miro.medium.com/max/1054/1*v6vSTmNqMW05ogdf5NN8MA.png,/Users/yiweili/Documents/EZcommonapp/bing_images_india_student_dataset/india/honor/ntse_scholarship_certificate_india/31.png,OK
India,en,honor,award,NTSE scholarship certificate India,https://i.pinimg.com/736x/cd/67/a8/cd67a894beb042059836d838aa42e753.jpg,/Users/yiweili/Documents/EZcommonapp/bing_images_india_student_dataset/india/honor/ntse_scholarship_certificate_india/32.jpg,OK
India,en,honor,award,NTSE scholarship certificate India,https://d13loartjoc1yn.cloudfront.net/article/1732776310NTSE Scholarship Amount .webp,/Users/yiweili/Documents/EZcommonapp/bing_images_india_student_dataset/india/honor/ntse_scholarship_certificate_india/33.webp,OK
India,en,honor,award,NTSE scholarship certificate India,https://media.licdn.com/dms/image/v2/D5622AQHOA01QAmfDrQ/feedshare-shrink_2048_1536/feedshare-shrink_2048_1536/0/1706172672413?e=2147483647&v=beta&t=BJEG39AAFdB-KgGj6b4wk2wWYhDZNwSIEAzFoD0XtOg,/Users/yiweili/Documents/EZcommonapp/bing_images_india_student_dataset/india/honor/ntse_scholarship_certificate_india/34.jpg,OK
India,en,honor,award,NTSE scholarship certificate India,https://assets-news.housing.com/news/wp-content/uploads/2023/01/25020045/NTSE-scholarship-Details-eligibility-and-how-to-apply-01.png,/Users/yiweili/Documents/EZcommonapp/bing_images_india_student_dataset/india/honor/ntse_scholarship_certificate_india/35.png,OK
India,en,honor,award,NTSE scholarship certificate India,https://image.slidesharecdn.com/ntse-191024162048/85/NTSE-2-320.jpg,/Users/yiweili/Documents/EZcommonapp/bing_images_india_student_dataset/india/honor/ntse_scholarship_certificate_india/36.jpg,OK
India,en,honor,award,NTSE scholarship certificate India,https://i.ytimg.com/vi/wT5A8WnJ4s0/maxresdefault.jpg,/Users/yiweili/Documents/EZcommonapp/bing_images_india_student_dataset/india/honor/ntse_scholarship_certificate_india/37.jpg,OK
India,en,honor,award,NTSE scholarship certificate India,https://www.srisaiolympiads.org/ntse.png,/Users/yiweili/Documents/EZcommonapp/bing_images_india_student_dataset/india/honor/ntse_scholarship_certificate_india/38.png,OK
India,en,honor,award,NTSE scholarship certificate India,https://image.slidesharecdn.com/onlineassignment-151019035403-lva1-app6892/85/Online-assignment-4-320.jpg,/Users/yiweili/Documents/EZcommonapp/bing_images_india_student_dataset/india/honor/ntse_scholarship_certificate_india/39.jpg,OK
India,en,honor,award,NTSE scholarship certificate India,https://certificatepdf.com/wp-content/uploads/2022/07/arihant-ntse-book-pdf-free-download.jpg,/Users/yiweili/Documents/EZcommonapp/bing_images_india_student_dataset/india/honor/ntse_scholarship_certificate_india/40.jpg,OK
India,en,honor,award,NTSE scholarship certificate India,https://i.pinimg.com/originals/cd/67/a8/cd67a894beb042059836d838aa42e753.jpg,/Users/yiweili/Documents/EZcommonapp/bing_images_india_student_dataset/india/honor/ntse_scholarship_certificate_india/41.jpg,OK
India,en,honor,award,NTSE scholarship certificate India,https://myexam.allen.in/wp-content/uploads/2023/06/NTSE-Scholarship-Payment-to-Scholars-Through-PFMS-TSA-Now-thegem-blog-timeline-large.jpg,/Users/yiweili/Documents/EZcommonapp/bing_images_india_student_dataset/india/honor/ntse_scholarship_certificate_india/42.jpg,OK
India,en,honor,award,NTSE scholarship certificate India,https://jkalerts.com/wp-content/uploads/2021/10/JKBOSE-NTSE-Scholarship-2021.jpg,/Users/yiweili/Documents/EZcommonapp/bing_images_india_student_dataset/india/honor/ntse_scholarship_certificate_india/43.jpg,OK
India,en,honor,award,NTSE scholarship certificate India,https://i.ytimg.com/vi/HLQgMsWuw9c/maxresdefault.jpg,/Users/yiweili/Documents/EZcommonapp/bing_images_india_student_dataset/india/honor/ntse_scholarship_certificate_india/44.jpg,OK
India,en,honor,award,NTSE scholarship certificate India,https://i.ytimg.com/vi/9yVYLwCdQ_o/maxresdefault.jpg,/Users/yiweili/Documents/EZcommonapp/bing_images_india_student_dataset/india/honor/ntse_scholarship_certificate_india/45.jpg,OK
India,en,honor,award,NTSE scholarship certificate India,https://www.scholarships.net.in/uploads/images2018/236-1.jpg,/Users/yiweili/Documents/EZcommonapp/bing_images_india_student_dataset/india/honor/ntse_scholarship_certificate_india/46.jpg,OK
India,en,honor,award,NTSE scholarship certificate India,https://www.cbselabs.com/wp-content/uploads/2019/07/NTSE-Scholarship.png,/Users/yiweili/Documents/EZcommonapp/bing_images_india_student_dataset/india/honor/ntse_scholarship_certificate_india/47.png,OK
India,en,honor,award,NTSE scholarship certificate India,https://www.cheggindia.com/wp-content/uploads/2025/03/UniversalBlog_BG-1024x503.png,/Users/yiweili/Documents/EZcommonapp/bing_images_india_student_dataset/india/honor/ntse_scholarship_certificate_india/48.png,OK
India,en,honor,award,NTSE scholarship certificate India,https://www.cheggindia.com/wp-content/uploads/2023/05/NTSE.png,/Users/yiweili/Documents/EZcommonapp/bing_images_india_student_dataset/india/honor/ntse_scholarship_certificate_india/49.png,OK
India,en,honor,award,NTSE scholarship certificate India,https://i.pinimg.com/originals/41/fa/0f/41fa0fd47a42086e3723b0fcc8fd1d21.jpg,/Users/yiweili/Documents/EZcommonapp/bing_images_india_student_dataset/india/honor/ntse_scholarship_certificate_india/50.jpg,OK
India,en,honor,award,NTSE scholarship certificate India,https://i.ytimg.com/vi/o3jKrjhY9xQ/hqdefault.jpg,/Users/yiweili/Documents/EZcommonapp/bing_images_india_student_dataset/india/honor/ntse_scholarship_certificate_india/51.jpg,OK
India,en,honor,award,NTSE scholarship certificate India,https://i.ytimg.com/vi/QLKx9pxF9EM/maxresdefault.jpg,/Users/yiweili/Documents/EZcommonapp/bing_images_india_student_dataset/india/honor/ntse_scholarship_certificate_india/52.jpg,OK
India,en,honor,award,NTSE scholarship certificate India,https://www.allen.ac.in/bengaluru/results/images/ntse-2019-final-result-bengaluru.jpg,/Users/yiweili/Documents/EZcommonapp/bing_images_india_student_dataset/india/honor/ntse_scholarship_certificate_india/53.jpg,OK
India,en,honor,award,NTSE scholarship certificate India,https://scholarshipexam.in/wp-content/uploads/2020/02/ntse.png,/Users/yiweili/Documents/EZcommonapp/bing_images_india_student_dataset/india/honor/ntse_scholarship_certificate_india/54.png,OK
India,en,honor,award,NTSE scholarship certificate India,https://www.vedantu.com/seo/blog-images/blog/ntse-indias-most-prestigious-exam/943cb875-3b5e-48fb-a8d3-a3735fb5bb08,/Users/yiweili/Documents/EZcommonapp/bing_images_india_student_dataset/india/honor/ntse_scholarship_certificate_india/55.jpg,OK
India,en,honor,award,NTSE scholarship certificate India,https://i0.wp.com/www.scholarshiphelp.in/wp-content/uploads/2021/11/NTSE-Application-Form-2022.jpg?w=574&ssl=1,/Users/yiweili/Documents/EZcommonapp/bing_images_india_student_dataset/india/honor/ntse_scholarship_certificate_india/56.jpg,OK
India,en,honor,award,NTSE scholarship certificate India,https://www.catalyser.in/public/img/blog/ntse-topper-club.jpg,/Users/yiweili/Documents/EZcommonapp/bing_images_india_student_dataset/india/honor/ntse_scholarship_certificate_india/57.jpg,OK
India,en,honor,award,NTSE scholarship certificate India,https://media.licdn.com/dms/image/v2/D5622AQEQ05xI1FueOw/feedshare-shrink_800/feedshare-shrink_800/0/1724739629548?e=2147483647&v=beta&t=IU_k3_jGS6PSsm3vxAiWN7IApcfxMtXPTIPK8Ws8jbM,/Users/yiweili/Documents/EZcommonapp/bing_images_india_student_dataset/india/honor/ntse_scholarship_certificate_india/58.jpg,OK
India,en,honor,award,NTSE scholarship certificate India,https://www.webexam.in/wp-content/uploads/2018/08/West-Bengal-NTSE-Scholarship.jpg,/Users/yiweili/Documents/EZcommonapp/bing_images_india_student_dataset/india/honor/ntse_scholarship_certificate_india/59.jpg,OK
India,en,honor,award,best student award certificate school India,https://www.maneckjicooperschool.org/wp-content/uploads/2023/09/3-2.png,/Users/yiweili/Documents/EZcommonapp/bing_images_india_student_dataset/india/honor/best_student_award_certificate_school_india/0.png,OK
India,en,honor,award,best student award certificate school India,https://drvasantraopawarmedicalcollege.com/wp-content/uploads/2022/06/Ulfat-Pardeshi-Best-Student-Award-Certificate.jpg,/Users/yiweili/Documents/EZcommonapp/bing_images_india_student_dataset/india/honor/best_student_award_certificate_school_india/1.jpg,OK
India,en,honor,award,best student award certificate school India,https://www.maneckjicooperschool.org/wp-content/uploads/2023/09/1-copy.jpg,/Users/yiweili/Documents/EZcommonapp/bing_images_india_student_dataset/india/honor/best_student_award_certificate_school_india/2.jpg,OK
India,en,honor,award,best student award certificate school India,https://meerutpublicschool.edu.in/shastri_nagar/images/india-school-merit-awards.jpg,/Users/yiweili/Documents/EZcommonapp/bing_images_india_student_dataset/india/honor/best_student_award_certificate_school_india/3.jpg,OK
India,en,honor,award,best student award certificate school India,https://www.pws.edu.in/assets/img/Awards-honours/pws/Indian School Awards - Certificate of Achievement.jpg,/Users/yiweili/Documents/EZcommonapp/bing_images_india_student_dataset/india/honor/best_student_award_certificate_school_india/4.jpg,OK
India,en,honor,award,best student award certificate school India,http://www.sonatech.ac.in/blog/wp-content/uploads/2015/07/madhav-sapkoda-best-student.jpg,/Users/yiweili/Documents/EZcommonapp/bing_images_india_student_dataset/india/honor/best_student_award_certificate_school_india/5.jpg,OK
India,en,honor,award,best student award certificate school India,https://www.maneckjicooperschool.org/wp-content/uploads/2023/09/6-600x829.png,/Users/yiweili/Documents/EZcommonapp/bing_images_india_student_dataset/india/honor/best_student_award_certificate_school_india/6.png,OK
India,en,honor,award,best student award certificate school India,https://www.suryadattaschool.org/wp-content/uploads/2020/06/SNS_award_certificate-800x537.jpg,/Users/yiweili/Documents/EZcommonapp/bing_images_india_student_dataset/india/honor/best_student_award_certificate_school_india/7.jpg,OK
India,en,honor,award,best student award certificate school India,https://www.maneckjicooperschool.org/wp-content/uploads/2023/09/1c-copy.jpg,/Users/yiweili/Documents/EZcommonapp/bing_images_india_student_dataset/india/honor/best_student_award_certificate_school_india/8.jpg,OK
India,en,honor,award,best student award certificate school India,https://storage.googleapis.com/verified-storage/design-templates/08dd1e90-cbd6-4cde-8ae6-582c0d07b2eb.png,/Users/yiweili/Documents/EZcommonapp/bing_images_india_student_dataset/india/honor/best_student_award_certificate_school_india/9.png,OK
India,en,honor,award,best student award certificate school India,https://jayceehighersecondaryschool.com/img/achievements/fit_india_school_certificate_of_recognition.jpg,/Users/yiweili/Documents/EZcommonapp/bing_images_india_student_dataset/india/honor/best_student_award_certificate_school_india/10.jpg,OK
India,en,honor,award,best student award certificate school India,https://www.florenceschool.edu.in/images/appriciation-certificate/appreciation-certificates-b-9.jpg,/Users/yiweili/Documents/EZcommonapp/bing_images_india_student_dataset/india/honor/best_student_award_certificate_school_india/11.jpg,OK
India,en,honor,award,best student award certificate school India,https://www.goldcrestschool.org/uploads/images/taR0k04.jpg,/Users/yiweili/Documents/EZcommonapp/bing_images_india_student_dataset/india/honor/best_student_award_certificate_school_india/12.jpg,OK
India,en,honor,award,best student award certificate school India,https://images.template.net/123125/certificate-of-recognition-best-student-template-m0lf0.jpg,/Users/yiweili/Documents/EZcommonapp/bing_images_india_student_dataset/india/honor/best_student_award_certificate_school_india/13.jpg,OK
India,en,honor,award,best student award certificate school India,https://mech.sairam.edu.in/wp-content/uploads/sites/9/2023/10/bset-student-award5.jpg,/Users/yiweili/Documents/EZcommonapp/bing_images_india_student_dataset/india/honor/best_student_award_certificate_school_india/14.jpg,OK
India,en,honor,award,best student award certificate school India,https://edunext-main-storage-cf.edunexttechnologies.com/arise/school___static/1713428551876_WhatsApp_Image_20240417_at_1.08.42_PM.jpeg,/Users/yiweili/Documents/EZcommonapp/bing_images_india_student_dataset/india/honor/best_student_award_certificate_school_india/15.jpeg,OK
India,en,honor,award,best student award certificate school India,https://www.pws.edu.in/assets/img/Awards-honours/pws/Indian Education Awards - Best Innovative K12 School-2013.jpg,/Users/yiweili/Documents/EZcommonapp/bing_images_india_student_dataset/india/honor/best_student_award_certificate_school_india/16.jpg,OK
India,en,honor,award,best student award certificate school India,https://i.pinimg.com/originals/aa/8d/20/aa8d20a5d604fdeb340bb8ec7c15e1bd.jpg,/Users/yiweili/Documents/EZcommonapp/bing_images_india_student_dataset/india/honor/best_student_award_certificate_school_india/17.jpg,OK
India,en,honor,award,best student award certificate school India,http://certificatesinn.com/wp-content/uploads/2016/08/Student-of-the-year-award-certificate-5-Renew.png,/Users/yiweili/Documents/EZcommonapp/bing_images_india_student_dataset/india/honor/best_student_award_certificate_school_india/18.png,OK
India,en,honor,award,best student award certificate school India,http://www.diploma-degree.com/Degree/700-99088-Best-student-award-certificate.jpg,,ERR_HTTPSConnectionPool(host='www.diploma-de
India,en,honor,award,best student award certificate school India,https://images.examples.com/wp-content/uploads/2018/07/Vintage-Border-Outstanding-Student-Certificate-Example.jpg,/Users/yiweili/Documents/EZcommonapp/bing_images_india_student_dataset/india/honor/best_student_award_certificate_school_india/19.jpg,OK
India,en,honor,award,best student award certificate school India,https://www.pws.edu.in/assets/img/Awards-honours/pws/time-research-media-india-education-excellence-award-2012.jpg,/Users/yiweili/Documents/EZcommonapp/bing_images_india_student_dataset/india/honor/best_student_award_certificate_school_india/20.jpg,OK
India,en,honor,award,best student award certificate school India,https://i.pinimg.com/736x/5d/bd/f5/5dbdf54973971f6cd719035750d5795f.jpg,/Users/yiweili/Documents/EZcommonapp/bing_images_india_student_dataset/india/honor/best_student_award_certificate_school_india/21.jpg,OK
India,en,honor,award,best student award certificate school India,https://www.pws.edu.in/assets/img/Awards-honours/pws/education-world-ranked-no-1-international-school-in-delhi-ncr-2012.jpg,/Users/yiweili/Documents/EZcommonapp/bing_images_india_student_dataset/india/honor/best_student_award_certificate_school_india/22.jpg,OK
India,en,honor,award,best student award certificate school India,https://i.etsystatic.com/37347390/r/il/f41601/4588238952/il_1080xN.4588238952_tg0m.jpg,/Users/yiweili/Documents/EZcommonapp/bing_images_india_student_dataset/india/honor/best_student_award_certificate_school_india/23.jpg,OK
India,en,honor,award,best student award certificate school India,https://images.template.net/500229/Best-Student-Award-Certificate-Template-edit-online.png,/Users/yiweili/Documents/EZcommonapp/bing_images_india_student_dataset/india/honor/best_student_award_certificate_school_india/24.png,OK
India,en,honor,award,best student award certificate school India,https://images.examples.com/wp-content/uploads/2018/07/Yellow-Border-Student-Award-Certificate-Example.png,/Users/yiweili/Documents/EZcommonapp/bing_images_india_student_dataset/india/honor/best_student_award_certificate_school_india/25.png,OK
India,en,honor,award,best student award certificate school India,https://i.pinimg.com/originals/44/21/a1/4421a1f426e84e24a42530f588ea18c3.png,/Users/yiweili/Documents/EZcommonapp/bing_images_india_student_dataset/india/honor/best_student_award_certificate_school_india/26.png,OK
India,en,honor,award,best student award certificate school India,https://images.examples.com/wp-content/uploads/2018/07/Star-Student-Award-Certificate-Example.jpg,/Users/yiweili/Documents/EZcommonapp/bing_images_india_student_dataset/india/honor/best_student_award_certificate_school_india/27.jpg,OK
India,en,honor,award,best student award certificate school India,https://marketplace.canva.com/EAE92pLT5sw/1/0/1600w/canva-blue-and-gold-minimalist-public-speaking-attendance-certificate-T3SoKnEgtjY.jpg,/Users/yiweili/Documents/EZcommonapp/bing_images_india_student_dataset/india/honor/best_student_award_certificate_school_india/28.jpg,OK
India,en,honor,award,best student award certificate school India,https://news.vidyaacademy.ac.in/wp-content/uploads/2022/01/WhatsApp-Image-2022-01-11-at-9.30.24-PM.jpeg,/Users/yiweili/Documents/EZcommonapp/bing_images_india_student_dataset/india/honor/best_student_award_certificate_school_india/29.jpeg,OK
India,en,honor,award,best student award certificate school India,https://www.maneckjicooperschool.org/wp-content/uploads/2023/09/1b-copy.jpg,/Users/yiweili/Documents/EZcommonapp/bing_images_india_student_dataset/india/honor/best_student_award_certificate_school_india/30.jpg,OK
India,en,honor,award,best student award certificate school India,https://marketplace.canva.com/EAE84CAc03w/2/0/1600w/canva-gold-classic-school-award-certificate-o8NWC679MJQ.jpg,/Users/yiweili/Documents/EZcommonapp/bing_images_india_student_dataset/india/honor/best_student_award_certificate_school_india/31.jpg,OK
India,en,honor,award,best student award certificate school India,https://www.pathwaysgurgaon.edu.in/assets/img/Awards-honours/psg/indian-education-awards-best-innovative-k12-school-2014.jpg,,HTTP_404
India,en,honor,award,best student award certificate school India,https://3.imimg.com/data3/TS/HC/MY-10789275/certificate-of-achievements-500x500.jpg,/Users/yiweili/Documents/EZcommonapp/bing_images_india_student_dataset/india/honor/best_student_award_certificate_school_india/32.jpg,OK
India,en,honor,award,best student award certificate school India,https://www.suryadattaschool.org/wp-content/uploads/2020/06/SNS_award_certificate.jpg,/Users/yiweili/Documents/EZcommonapp/bing_images_india_student_dataset/india/honor/best_student_award_certificate_school_india/33.jpg,OK
India,en,honor,award,best student award certificate school India,https://www.suryadattaschool.org/wp-content/uploads/2020/12/SNS-School-WeekL-_certificate-organizer-1.png,/Users/yiweili/Documents/EZcommonapp/bing_images_india_student_dataset/india/honor/best_student_award_certificate_school_india/34.png,OK
India,en,honor,award,best student award certificate school India,https://mec.edu.in/wp-content/uploads/2020/12/26-mech.jpg,/Users/yiweili/Documents/EZcommonapp/bing_images_india_student_dataset/india/honor/best_student_award_certificate_school_india/35.jpg,OK
India,en,honor,award,best student award certificate school India,https://www.suryadattaschool.org/wp-content/uploads/2020/10/Certificate_SNS_OMS_-min-scaled.jpg,/Users/yiweili/Documents/EZcommonapp/bing_images_india_student_dataset/india/honor/best_student_award_certificate_school_india/36.jpg,OK
India,en,honor,award,best student award certificate school India,https://hpsbegumpet.org.in/wp-content/uploads/2019/01/2.jpg,/Users/yiweili/Documents/EZcommonapp/bing_images_india_student_dataset/india/honor/best_student_award_certificate_school_india/37.jpg,OK
India,en,honor,award,best student award certificate school India,https://indorepublicschool.org/media/2023/12/school-excellene-award-1.jpg,/Users/yiweili/Documents/EZcommonapp/bing_images_india_student_dataset/india/honor/best_student_award_certificate_school_india/38.jpg,OK
India,en,honor,award,best student award certificate school India,https://www.indusvalleynoida.in/wp-content/uploads/2023/11/689051577202158.jpg,/Users/yiweili/Documents/EZcommonapp/bing_images_india_student_dataset/india/honor/best_student_award_certificate_school_india/39.jpg,OK
India,en,honor,award,best student award certificate school India,https://www.pws.edu.in/assets/img/Awards-honours/pws/education-world-certificate-of-merit-2010.jpg,/Users/yiweili/Documents/EZcommonapp/bing_images_india_student_dataset/india/honor/best_student_award_certificate_school_india/40.jpg,OK
India,en,honor,award,best student award certificate school India,https://m.media-amazon.com/images/I/81jryPjSx7L.jpg,/Users/yiweili/Documents/EZcommonapp/bing_images_india_student_dataset/india/honor/best_student_award_certificate_school_india/41.jpg,OK
India,en,honor,award,best student award certificate school India,https://www.nesinternational.org/images/awards/award25.jpg,,HTTP_404
India,en,honor,award,best student award certificate school India,https://news.subharti.org/wp-content/uploads/2022/09/b9fd3bcf-ac6a-494f-ab28-bbb1096dd2af.jpg,/Users/yiweili/Documents/EZcommonapp/bing_images_india_student_dataset/india/honor/best_student_award_certificate_school_india/42.jpg,OK
India,en,honor,award,best student award certificate school India,https://www.themannschool.com/img/certificates/awards-eduation.jpg,/Users/yiweili/Documents/EZcommonapp/bing_images_india_student_dataset/india/honor/best_student_award_certificate_school_india/43.jpg,OK
India,en,honor,award,best student award certificate school India,https://www.edrawsoft.com/templates/images/school-certificate.png,/Users/yiweili/Documents/EZcommonapp/bing_images_india_student_dataset/india/honor/best_student_award_certificate_school_india/44.png,OK
India,en,honor,award,best student award certificate school India,https://www.stvea.in/image/cache/catalog/stvea/gallery/awards/12-1248x1190h.jpg,/Users/yiweili/Documents/EZcommonapp/bing_images_india_student_dataset/india/honor/best_student_award_certificate_school_india/45.jpg,OK
India,en,honor,award,best student award certificate school India,https://i.pinimg.com/736x/4c/94/17/4c9417e384d9c615340391ad80f75c8b.jpg,/Users/yiweili/Documents/EZcommonapp/bing_images_india_student_dataset/india/honor/best_student_award_certificate_school_india/46.jpg,OK
India,en,honor,award,best student award certificate school India,https://hpsbegumpet.org.in/wp-content/uploads/2019/03/education-world-award2-1.jpg,/Users/yiweili/Documents/EZcommonapp/bing_images_india_student_dataset/india/honor/best_student_award_certificate_school_india/47.jpg,OK
India,en,honor,award,best student award certificate school India,https://images.examples.com/wp-content/uploads/2018/06/Star-Student-Award-Certificate-Example.jpg,/Users/yiweili/Documents/EZcommonapp/bing_images_india_student_dataset/india/honor/best_student_award_certificate_school_india/48.jpg,OK
India,en,honor,award,best student award certificate school India,https://www.surajschool.com/blog/wp-content/uploads/2023/11/400186381_793523319451284_6410029955673242951_n.jpg,/Users/yiweili/Documents/EZcommonapp/bing_images_india_student_dataset/india/honor/best_student_award_certificate_school_india/49.jpg,OK
India,en,honor,award,best student award certificate school India,https://www.itngsuliali.com/wp-content/uploads/best-cbse-school-award.jpg,/Users/yiweili/Documents/EZcommonapp/bing_images_india_student_dataset/india/honor/best_student_award_certificate_school_india/50.jpg,OK
India,en,honor,award,best student award certificate school India,https://www.pws.edu.in/assets/img/Awards-honours/pws/digital-learning-awarded-top-school-of-india-under-india-school-rankings-survey-2016.jpg,/Users/yiweili/Documents/EZcommonapp/bing_images_india_student_dataset/india/honor/best_student_award_certificate_school_india/51.jpg,OK
India,en,honor,award,best student award certificate school India,https://certificatesinn.com/wp-content/uploads/2016/08/Student-of-the-year-award-certificate-4-Renew.png,/Users/yiweili/Documents/EZcommonapp/bing_images_india_student_dataset/india/honor/best_student_award_certificate_school_india/52.png,OK
India,en,honor,award,best student award certificate school India,https://www.wordtemplates.org/wp-content/uploads/2023/02/Student-of-the-Year-Certificate.jpg,/Users/yiweili/Documents/EZcommonapp/bing_images_india_student_dataset/india/honor/best_student_award_certificate_school_india/53.jpg,OK
India,en,honor,award,best student award certificate school India,https://worksheets.clipart-library.com/images2/printable-award-certificates-for-elementary-students/printable-award-certificates-for-elementary-students-31.jpg,/Users/yiweili/Documents/EZcommonapp/bing_images_india_student_dataset/india/honor/best_student_award_certificate_school_india/54.jpg,OK
India,en,honor,award,best student award certificate school India,https://static.vecteezy.com/system/resources/previews/000/445/863/original/vector-certificate-template-for-principal-s-award.jpg,/Users/yiweili/Documents/EZcommonapp/bing_images_india_student_dataset/india/honor/best_student_award_certificate_school_india/55.jpg,OK
India,en,honor,award,best student award certificate school India,https://www.pathwaysgurgaon.edu.in/assets/img/Awards-honours/psg/education-world-ranked-no-two-in-delhi-ncr-2014.webp,,HTTP_404
India,en,honor,award,best student award certificate school India,https://basavainternational.school/wp-content/uploads/2024/04/AMONG-100-BEST-SCHOOLS-OF-INDIA-2013-WITH-RESPECT-TO-VALUE-CENTRICITY-FUTURE-READINESS-AND-EXCELLENCE-IN-STEM-EDUCATION-BY-ENGINEERING-WATCH.jpg,/Users/yiweili/Documents/EZcommonapp/bing_images_india_student_dataset/india/honor/best_student_award_certificate_school_india/56.jpg,OK
India,en,honor,award,best student award certificate school India,https://images.examples.com/wp-content/uploads/2018/07/Abstract-Border-Student-Award-Certificate-Example.jpg,/Users/yiweili/Documents/EZcommonapp/bing_images_india_student_dataset/india/honor/best_student_award_certificate_school_india/57.jpg,OK
India,en,honor,award,best student award certificate school India,https://www.pieawards.in/images/demo/slide-10-1920x1080.jpg,/Users/yiweili/Documents/EZcommonapp/bing_images_india_student_dataset/india/honor/best_student_award_certificate_school_india/58.jpg,OK
India,en,honor,award,best student award certificate school India,https://i.etsystatic.com/37347390/r/il/5f059d/4640673281/il_fullxfull.4640673281_hpk8.jpg,/Users/yiweili/Documents/EZcommonapp/bing_images_india_student_dataset/india/honor/best_student_award_certificate_school_india/59.jpg,OK
India,en,honor,award,KVPY INSPIRE scholarship certificate India,https://www.shishukunj.in/jhalaria-campus/wp-content/uploads/2021/08/KVPY-Certificate-719x1024.jpg,/Users/yiweili/Documents/EZcommonapp/bing_images_india_student_dataset/india/honor/kvpy_inspire_scholarship_certificate_india/0.jpg,OK
India,en,honor,award,KVPY INSPIRE scholarship certificate India,https://arcarrierpoint.net/wp-content/uploads/2025/04/KVPY-Scholarship-2025-Eligibility-Pattern-Date-Docs-Fee-Result-1024x570.png,/Users/yiweili/Documents/EZcommonapp/bing_images_india_student_dataset/india/honor/kvpy_inspire_scholarship_certificate_india/1.png,OK
India,en,honor,award,KVPY INSPIRE scholarship certificate India,https://smartachievers.online/public/images/KVPY.png,/Users/yiweili/Documents/EZcommonapp/bing_images_india_student_dataset/india/honor/kvpy_inspire_scholarship_certificate_india/2.png,OK
India,en,honor,award,KVPY INSPIRE scholarship certificate India,https://lookaside.instagram.com/seo/google_widget/crawler/?media_id=3632852009632237056,/Users/yiweili/Documents/EZcommonapp/bing_images_india_student_dataset/india/honor/kvpy_inspire_scholarship_certificate_india/3.jpg,OK
India,en,honor,award,KVPY INSPIRE scholarship certificate India,https://uploads.sarvgyan.com/2024/05/inspire-scholarship-she-2025.webp,/Users/yiweili/Documents/EZcommonapp/bing_images_india_student_dataset/india/honor/kvpy_inspire_scholarship_certificate_india/4.webp,OK
India,en,honor,award,KVPY INSPIRE scholarship certificate India,https://imgv2-1-f.scribdassets.com/img/document/356679070/original/413e3485bd/1661722865?v=1,/Users/yiweili/Documents/EZcommonapp/bing_images_india_student_dataset/india/honor/kvpy_inspire_scholarship_certificate_india/5.jpg,OK
India,en,honor,award,KVPY INSPIRE scholarship certificate India,https://i2.wp.com/meritbatch.com/wp-content/uploads/2019/12/KVPY-Scholarship-1.png?fit=1200%2C675&ssl=1,/Users/yiweili/Documents/EZcommonapp/bing_images_india_student_dataset/india/honor/kvpy_inspire_scholarship_certificate_india/6.png,OK
India,en,honor,award,KVPY INSPIRE scholarship certificate India,https://arcarrierpoint.net/wp-content/uploads/2024/09/Inspire-Scholarship-2024-Apply-Now.png,/Users/yiweili/Documents/EZcommonapp/bing_images_india_student_dataset/india/honor/kvpy_inspire_scholarship_certificate_india/7.png,OK
India,en,honor,award,KVPY INSPIRE scholarship certificate India,https://www.winstudy.net/wp-content/uploads/2017/08/kvpy-scholarship-application.jpg,,ERR_HTTPSConnectionPool(host='www.winstudy.n
India,en,honor,award,KVPY INSPIRE scholarship certificate India,https://media.getmyuni.com/assets/images/main/exam/content/pu6ryke81remt6-83lsa-5s761vt.png,/Users/yiweili/Documents/EZcommonapp/bing_images_india_student_dataset/india/honor/kvpy_inspire_scholarship_certificate_india/8.png,OK
India,en,honor,award,KVPY INSPIRE scholarship certificate India,https://i.ytimg.com/vi/I894sMl1YQ8/maxresdefault.jpg,/Users/yiweili/Documents/EZcommonapp/bing_images_india_student_dataset/india/honor/kvpy_inspire_scholarship_certificate_india/9.jpg,OK
India,en,honor,award,KVPY INSPIRE scholarship certificate India,https://image.slidesharecdn.com/inspiresciencecamp-180528112809/75/Inspire-science-camp-8-2048.jpg,/Users/yiweili/Documents/EZcommonapp/bing_images_india_student_dataset/india/honor/kvpy_inspire_scholarship_certificate_india/10.jpg,OK
India,en,honor,award,KVPY INSPIRE scholarship certificate India,https://cmseducation.org/wp-content/uploads/2025/01/NTSE-KVPY-Inspire-Scholarship.webp,/Users/yiweili/Documents/EZcommonapp/bing_images_india_student_dataset/india/honor/kvpy_inspire_scholarship_certificate_india/11.webp,OK
India,en,honor,award,KVPY INSPIRE scholarship certificate India,https://eduvast.com/wp-content/uploads/2023/08/INSPIRE-KVPY-2023-1.jpg,,"ERR_HTTPSConnectionPool(host='eduvast.com', "
India,en,honor,award,KVPY INSPIRE scholarship certificate India,https://schools.chekrs.com/wp-content/uploads/2017/07/kvpy-2017.jpg,/Users/yiweili/Documents/EZcommonapp/bing_images_india_student_dataset/india/honor/kvpy_inspire_scholarship_certificate_india/12.jpg,OK
India,en,honor,award,KVPY INSPIRE scholarship certificate India,https://image4.slideserve.com/7665812/kvpy-eligibility-criteria-l.jpg,/Users/yiweili/Documents/EZcommonapp/bing_images_india_student_dataset/india/honor/kvpy_inspire_scholarship_certificate_india/13.jpg,OK
India,en,honor,award,KVPY INSPIRE scholarship certificate India,https://scholarshipbytes.com/wp-content/uploads/2025/04/INSPIRE-Scholarship-2025.jpg,/Users/yiweili/Documents/EZcommonapp/bing_images_india_student_dataset/india/honor/kvpy_inspire_scholarship_certificate_india/14.jpg,OK
India,en,honor,award,KVPY INSPIRE scholarship certificate India,https://images.shiksha.com/mediadata/images/articles/1712492009phpGjRFpf.jpeg,,HTTP_403
India,en,honor,award,KVPY INSPIRE scholarship certificate India,https://easyhindi.in/wp-content/uploads/2021/11/KVPY.jpg,/Users/yiweili/Documents/EZcommonapp/bing_images_india_student_dataset/india/honor/kvpy_inspire_scholarship_certificate_india/15.jpg,OK
India,en,honor,award,KVPY INSPIRE scholarship certificate India,https://i.ytimg.com/vi/mN-wld-A03s/maxresdefault.jpg,/Users/yiweili/Documents/EZcommonapp/bing_images_india_student_dataset/india/honor/kvpy_inspire_scholarship_certificate_india/16.jpg,OK
India,en,honor,award,KVPY INSPIRE scholarship certificate India,https://i0.wp.com/www.learncbse.in/wp-content/uploads/2019/12/KVPY-Scholarship.png?fit=640%2C480&ssl=1,/Users/yiweili/Documents/EZcommonapp/bing_images_india_student_dataset/india/honor/kvpy_inspire_scholarship_certificate_india/17.png,OK
India,en,honor,award,KVPY INSPIRE scholarship certificate India,https://1.bp.blogspot.com/-XdmAXc8ihGM/YO0weq5qCXI/AAAAAAAAWZE/g1ZVm9DWPfIvBcR_xmze0R-ud7LEYXmdACLcBGAsYHQ/s637/KVPY.jpeg,/Users/yiweili/Documents/EZcommonapp/bing_images_india_student_dataset/india/honor/kvpy_inspire_scholarship_certificate_india/18.jpeg,OK
India,en,honor,award,KVPY INSPIRE scholarship certificate India,https://i.ytimg.com/vi/aRUSvTnu06Q/maxresdefault.jpg,/Users/yiweili/Documents/EZcommonapp/bing_images_india_student_dataset/india/honor/kvpy_inspire_scholarship_certificate_india/19.jpg,OK
India,en,honor,award,KVPY INSPIRE scholarship certificate India,https://mycareersview.com/afile/mcv23082_MyCareersView(1).jpg,/Users/yiweili/Documents/EZcommonapp/bing_images_india_student_dataset/india/honor/kvpy_inspire_scholarship_certificate_india/20.jpg,OK
India,en,honor,award,KVPY INSPIRE scholarship certificate India,https://i.ytimg.com/vi/cwRwCNSOkpE/maxresdefault.jpg,/Users/yiweili/Documents/EZcommonapp/bing_images_india_student_dataset/india/honor/kvpy_inspire_scholarship_certificate_india/21.jpg,OK
India,en,honor,award,KVPY INSPIRE scholarship certificate India,https://uploads.sarvgyan.com/2022/08/Inspire-2023.jpeg,/Users/yiweili/Documents/EZcommonapp/bing_images_india_student_dataset/india/honor/kvpy_inspire_scholarship_certificate_india/22.jpeg,OK
India,en,honor,award,KVPY INSPIRE scholarship certificate India,https://media.getmyuni.com/assets/images/main/exam/content/0yku68tep56v9-sr11l83.png,/Users/yiweili/Documents/EZcommonapp/bing_images_india_student_dataset/india/honor/kvpy_inspire_scholarship_certificate_india/23.png,OK
India,en,honor,award,KVPY INSPIRE scholarship certificate India,https://momentumcoaching.in/blogs/wp-content/uploads/2023/08/KVPY-INSPIRE-2023-Exam-Important-Dates-and-Syllabus-2023-768x475.png,/Users/yiweili/Documents/EZcommonapp/bing_images_india_student_dataset/india/honor/kvpy_inspire_scholarship_certificate_india/24.png,OK
India,en,honor,award,KVPY INSPIRE scholarship certificate India,https://i.ytimg.com/vi/IUWKZbHdpUc/maxresdefault.jpg,/Users/yiweili/Documents/EZcommonapp/bing_images_india_student_dataset/india/honor/kvpy_inspire_scholarship_certificate_india/25.jpg,OK
India,en,honor,award,KVPY INSPIRE scholarship certificate India,https://i0.wp.com/www.scholarshipsinindia.com/wp-content/uploads/Kishore-Vaigyanik-Protsahan-Yojana-KVPY-1.png?fit=150%2C150&ssl=1,/Users/yiweili/Documents/EZcommonapp/bing_images_india_student_dataset/india/honor/kvpy_inspire_scholarship_certificate_india/26.png,OK
India,en,honor,award,KVPY INSPIRE scholarship certificate India,https://aditya.ac.in/talentschool/assets/images/kvpy.jpg,/Users/yiweili/Documents/EZcommonapp/bing_images_india_student_dataset/india/honor/kvpy_inspire_scholarship_certificate_india/27.jpg,OK
India,en,honor,award,KVPY INSPIRE scholarship certificate India,https://blogger.googleusercontent.com/img/b/R29vZ2xl/AVvXsEjXZWPgHn2-yVnen5iRbBcuQUVVBs2iS2yrnngb1j2itxsDAQJdd6mCMheeaCja7wUjihiLV5ix8na4YjjEscR21a6fEjg2bZleVqadHUcE8pQ4zHNiQwwClE4sSVwQI5qGc53aH5OmSd6YJCW2a9UUYVzJdat4WBRIOZZXQ4kDiGpvKk6We_S1Qit4pSnH/s600/inspire-scholarship.jpg,/Users/yiweili/Documents/EZcommonapp/bing_images_india_student_dataset/india/honor/kvpy_inspire_scholarship_certificate_india/28.jpg,OK
India,en,honor,award,KVPY INSPIRE scholarship certificate India,https://image4.slideserve.com/7665812/what-is-kvpy-scholarship-exam-l.jpg,/Users/yiweili/Documents/EZcommonapp/bing_images_india_student_dataset/india/honor/kvpy_inspire_scholarship_certificate_india/29.jpg,OK
India,en,honor,award,KVPY INSPIRE scholarship certificate India,https://i.ytimg.com/vi/k8eSPf1LZLY/maxresdefault.jpg,/Users/yiweili/Documents/EZcommonapp/bing_images_india_student_dataset/india/honor/kvpy_inspire_scholarship_certificate_india/30.jpg,OK
India,en,honor,award,KVPY INSPIRE scholarship certificate India,"https://m.media-amazon.com/images/I/81hvOaK2dvL._UF1000,1000_QL80_.jpg",/Users/yiweili/Documents/EZcommonapp/bing_images_india_student_dataset/india/honor/kvpy_inspire_scholarship_certificate_india/31.jpg,OK
India,en,honor,award,KVPY INSPIRE scholarship certificate India,https://scholarshipbytes.com/wp-content/uploads/2025/04/INSPIRE-Scholarship-2025-1024x683.jpg,/Users/yiweili/Documents/EZcommonapp/bing_images_india_student_dataset/india/honor/kvpy_inspire_scholarship_certificate_india/32.jpg,OK
India,en,honor,award,KVPY INSPIRE scholarship certificate India,https://schools.chekrs.com/wp-content/uploads/2017/07/kvpy-scholarhip-exam.jpg,/Users/yiweili/Documents/EZcommonapp/bing_images_india_student_dataset/india/honor/kvpy_inspire_scholarship_certificate_india/33.jpg,OK
India,en,honor,award,KVPY INSPIRE scholarship certificate India,https://studywoo.com/wp-content/uploads/2020/09/INSPIRE-Scholarship-Online-Application-Eligibility-Dates.jpg,/Users/yiweili/Documents/EZcommonapp/bing_images_india_student_dataset/india/honor/kvpy_inspire_scholarship_certificate_india/34.jpg,OK
India,en,honor,award,KVPY INSPIRE scholarship certificate India,https://i.ytimg.com/vi/HqNJQ6FBuGc/maxresdefault.jpg?sqp=-oaymwEmCIAKENAF8quKqQMa8AEB-AH-CYAC0AWKAgwIABABGFcgTChlMA8=&rs=AOn4CLBvsP04UGmY-GyjbB4WpgcKoLk1Kw,/Users/yiweili/Documents/EZcommonapp/bing_images_india_student_dataset/india/honor/kvpy_inspire_scholarship_certificate_india/35.jpg,OK
India,en,honor,award,KVPY INSPIRE scholarship certificate India,https://4.bp.blogspot.com/-CaAtXGrZ4aA/WUqFVYkA7vI/AAAAAAAAAg0/hkEZkydV2P0bs4rf-L4BQcaLPuMEK6_kgCLcBGAs/s1600/kvpy.jpg,/Users/yiweili/Documents/EZcommonapp/bing_images_india_student_dataset/india/honor/kvpy_inspire_scholarship_certificate_india/36.jpg,OK
India,en,honor,award,KVPY INSPIRE scholarship certificate India,https://image.slidesharecdn.com/presentationbyinspireprogramme-240102044903-541ad1a1/85/Presentation_by_INSPIRE_PROGRAMME-pdf-10-320.jpg,/Users/yiweili/Documents/EZcommonapp/bing_images_india_student_dataset/india/honor/kvpy_inspire_scholarship_certificate_india/37.jpg,OK
India,en,honor,award,KVPY INSPIRE scholarship certificate India,https://i.ytimg.com/vi/K2oBIy6ZArM/maxresdefault.jpg,/Users/yiweili/Documents/EZcommonapp/bing_images_india_student_dataset/india/honor/kvpy_inspire_scholarship_certificate_india/38.jpg,OK
India,en,honor,award,KVPY INSPIRE scholarship certificate India,https://image.slidesharecdn.com/internationalscholarship-uas2018-180525111741/85/International-scholarship-UAS-2018-10-320.jpg,/Users/yiweili/Documents/EZcommonapp/bing_images_india_student_dataset/india/honor/kvpy_inspire_scholarship_certificate_india/39.jpg,OK
India,en,honor,award,KVPY INSPIRE scholarship certificate India,https://schools.chekrs.com/wp-content/uploads/2018/08/KVPY.jpg,/Users/yiweili/Documents/EZcommonapp/bing_images_india_student_dataset/india/honor/kvpy_inspire_scholarship_certificate_india/40.jpg,OK
India,en,honor,award,KVPY INSPIRE scholarship certificate India,https://blogger.googleusercontent.com/img/b/R29vZ2xl/AVvXsEjrC6hZMyL-PLet5vQY5_unOxhsv-B1jrmtMPSej6kXxjsX6kLlx8xur-pku9Dg3dQtNyFcZZ1wUMsJGGg_DtnDvUYfrMuSyeqRgwghgxwt8io5F8UyWYm65L_CZMlE2FBEf_0tm8jl-zQX_CDz0o2GIGfDt6FKxcp88hjPNjvfO27ZYQIbGg0_oQgZ_Nyt/s16000/inspire.jpg,/Users/yiweili/Documents/EZcommonapp/bing_images_india_student_dataset/india/honor/kvpy_inspire_scholarship_certificate_india/41.jpg,OK
India,en,honor,award,KVPY INSPIRE scholarship certificate India,https://i.ytimg.com/vi/IKrFQQv7M4Y/maxresdefault.jpg,/Users/yiweili/Documents/EZcommonapp/bing_images_india_student_dataset/india/honor/kvpy_inspire_scholarship_certificate_india/42.jpg,OK
India,en,honor,award,KVPY INSPIRE scholarship certificate India,https://www.cbselabs.com/wp-content/uploads/2019/12/KVPY-Scholarship.png,/Users/yiweili/Documents/EZcommonapp/bing_images_india_student_dataset/india/honor/kvpy_inspire_scholarship_certificate_india/43.png,OK
India,en,honor,award,KVPY INSPIRE scholarship certificate India,https://64.media.tumblr.com/731c2e365cc2740e585a9de691982810/10018ad3688c1220-ac/s1280x1920/ada203b0509509cc04838bb50d43be7f6b3cb3ba.jpg,/Users/yiweili/Documents/EZcommonapp/bing_images_india_student_dataset/india/honor/kvpy_inspire_scholarship_certificate_india/44.jpg,OK
India,en,honor,award,KVPY INSPIRE scholarship certificate India,https://schools.chekrs.com/wp-content/uploads/2017/07/kvpy-2017-768x714.jpg,/Users/yiweili/Documents/EZcommonapp/bing_images_india_student_dataset/india/honor/kvpy_inspire_scholarship_certificate_india/45.jpg,OK
India,en,honor,award,KVPY INSPIRE scholarship certificate India,https://image.slidesharecdn.com/explorethetopscholarshipsforundergraduatestudentsinindia2024-25-240730060301-a57eae04/85/Explore-the-Top-Scholarships-for-Undergraduate-Students-in-India-2024-25-pdf-5-320.jpg,/Users/yiweili/Documents/EZcommonapp/bing_images_india_student_dataset/india/honor/kvpy_inspire_scholarship_certificate_india/46.jpg,OK
India,en,honor,award,KVPY INSPIRE scholarship certificate India,https://images.hindustantimes.com/img/2021/08/24/550x309/WhatsApp_Image_2021-08-24_at_4.49.00_PM_1629803985267_1629803993850.jpeg,/Users/yiweili/Documents/EZcommonapp/bing_images_india_student_dataset/india/honor/kvpy_inspire_scholarship_certificate_india/47.jpeg,OK
India,en,honor,award,KVPY INSPIRE scholarship certificate India,https://image.slidesharecdn.com/inspirescholarship1162011-111016045327-phpapp01/85/Inspire-scholarship-1162011-1-320.jpg,/Users/yiweili/Documents/EZcommonapp/bing_images_india_student_dataset/india/honor/kvpy_inspire_scholarship_certificate_india/48.jpg,OK
India,en,honor,award,KVPY INSPIRE scholarship certificate India,https://blogger.googleusercontent.com/img/b/R29vZ2xl/AVvXsEjrPb-Yy0GT3IQfTbFo8ju_iYeEsqUGR9mzK6j_mB1JHwwzzZa-GFNNOLa0MID462VRQltfB1gr_Su5Vn6nmOXS3Cef_a5uEoyuaANhU4vKdKpDSZt1vcFL2xKi3fZXhSVma_KMz7z6IYg/s1600/kvpy1.jpg,/Users/yiweili/Documents/EZcommonapp/bing_images_india_student_dataset/india/honor/kvpy_inspire_scholarship_certificate_india/49.jpg,OK
India,en,honor,award,KVPY INSPIRE scholarship certificate India,"https://static.toiimg.com/thumb/msid-92435793,imgsize-72962,width-400,resizemode-4/92435793.jpg",/Users/yiweili/Documents/EZcommonapp/bing_images_india_student_dataset/india/honor/kvpy_inspire_scholarship_certificate_india/50.jpg,OK
India,en,honor,award,KVPY INSPIRE scholarship certificate India,https://s3-ap-southeast-1.amazonaws.com/buddy4study/blog/uploads/2019/03/05133741/r2.png,/Users/yiweili/Documents/EZcommonapp/bing_images_india_student_dataset/india/honor/kvpy_inspire_scholarship_certificate_india/51.png,OK
India,en,honor,award,KVPY INSPIRE scholarship certificate India,https://www.theblossomsschool.in/wp-content/uploads/2023/01/zainab_inspire.png,/Users/yiweili/Documents/EZcommonapp/bing_images_india_student_dataset/india/honor/kvpy_inspire_scholarship_certificate_india/52.png,OK
India,en,honor,award,KVPY INSPIRE scholarship certificate India,https://aimindia.in/wp-content/uploads/2024/10/Beige-Beauty-Coach-Blog-Header-4-1536x864.png,/Users/yiweili/Documents/EZcommonapp/bing_images_india_student_dataset/india/honor/kvpy_inspire_scholarship_certificate_india/53.png,OK
India,en,honor,award,KVPY INSPIRE scholarship certificate India,https://images.shiksha.com/mediadata/images/articles/1660116920phpegzQaH.jpeg,,HTTP_403
India,en,honor,award,KVPY INSPIRE scholarship certificate India,https://amityschools.in/mayurvihar/wp-content/uploads/2022/05/aismv_001-4.jpg,/Users/yiweili/Documents/EZcommonapp/bing_images_india_student_dataset/india/honor/kvpy_inspire_scholarship_certificate_india/54.jpg,OK
India,en,honor,award,KVPY INSPIRE scholarship certificate India,https://image.slidesharecdn.com/kvpyrewards-150630101550-lva1-app6891/75/KVPY-1-2048.jpg,/Users/yiweili/Documents/EZcommonapp/bing_images_india_student_dataset/india/honor/kvpy_inspire_scholarship_certificate_india/55.jpg,OK
India,en,honor,award,KVPY INSPIRE scholarship certificate India,https://i.ytimg.com/vi/qtOw0vriCik/maxresdefault.jpg,/Users/yiweili/Documents/EZcommonapp/bing_images_india_student_dataset/india/honor/kvpy_inspire_scholarship_certificate_india/56.jpg,OK
India,en,honor,award,KVPY INSPIRE scholarship certificate India,https://images.shiksha.com/mediadata/images/articles/1685682950php7BDM7e.jpeg,,HTTP_403
India,en,honor,award,KVPY INSPIRE scholarship certificate India,https://i.ytimg.com/vi/8_WPJSERCoM/maxresdefault.jpg,/Users/yiweili/Documents/EZcommonapp/bing_images_india_student_dataset/india/honor/kvpy_inspire_scholarship_certificate_india/57.jpg,OK
India,en,honor,award,KVPY INSPIRE scholarship certificate India,https://www.matrixhighschool.org/assets/default/img/KVPYresult2022.jpg,/Users/yiweili/Documents/EZcommonapp/bing_images_india_student_dataset/india/honor/kvpy_inspire_scholarship_certificate_india/58.jpg,OK
India,en,honor,award,KVPY INSPIRE scholarship certificate India,https://s3-ap-south-1.amazonaws.com/myexam-website/wp-content/uploads/2022/07/23134636/ALLEN-KVPY-will-not-be-conducted-from-2022-onwards_01.jpg,/Users/yiweili/Documents/EZcommonapp/bing_images_india_student_dataset/india/honor/kvpy_inspire_scholarship_certificate_india/59.jpg,OK
